Timestamp,Date,Time,Location,pm25,pm10,no2,o3,co,,
,,,,,,,,,,
2018-12-28T14:00:00.000Z,28-12-18,00:00.0,Causeway Bay,40.7,58.2,94.8,5,931.7,,
2018-12-28T14:00:00.000Z,28-12-18,00:00.0,New Territories,19.9,27.9,42.2,16.5,823.8,,
2018-12-28T14:00:00.000Z,28-12-18,00:00.0,Kowloon,20.6,30.9,53.2,12.5,775.2,,
2018-12-28T14:00:00.000Z,28-12-18,00:00.0,Central,22.7,42.1,75.2,4,940.1,,
2018-12-28T07:30:00.000Z,28-12-18,30:00.0,Delhi,281,234.74,65.64,27.41,440,,
2018-12-28T12:30:00.000Z,28-12-18,30:00.0,Mumbai,55,152.88,,,2100,,
2018-12-28T13:00:00.000Z,28-12-18,00:00.0,Cleveland-Elyria-Mentor,13.6,23,0.022,0.011,0.3,,
2018-12-28T13:00:00.000Z,28-12-18,00:00.0,Detroit-Warren-Livonia,0.3,8,0.017,0.013,0,,
2018-12-28T13:00:00.000Z,28-12-18,00:00.0,MONTEZUMA,,,,0.039,,,
2018-12-28T13:00:00.000Z,28-12-18,00:00.0,Minneapolis-St. Paul-Bloomington,5,4,0.01,0.026,0.28,,
2018-12-28T13:00:00.000Z,28-12-18,00:00.0,New York-Northern New Jersey-Long Island,14.9,17,0.026,0,0.4,,
2018-12-28T13:00:00.000Z,28-12-18,00:00.0,Plymouth,27,30,64,2,,,
2018-12-28T13:00:00.000Z,28-12-18,00:00.0,Swansea,17,20,46,,,,
2018-12-28T13:00:00.000Z,28-12-18,00:00.0,Glasgow,9,14,16,45,,,
2018-12-28T13:00:00.000Z,28-12-18,00:00.0,Edinburgh,7,10,26,50,,,
2018-12-28T13:00:00.000Z,28-12-18,00:00.0,Leeds,7,15,42,29,,,
2018-12-28T13:00:00.000Z,28-12-18,00:00.0,Manchester,12,15,48,4,,,
2018-12-28T13:00:00.000Z,28-12-18,00:00.0,Birmingham,12,,22,30,,,
2018-12-28T14:00:00.000Z,28-12-18,00:00.0,London,45,52,42,6,,,
2018-12-28T08:00:00.000Z,28-12-18,00:00.0,Plymouth,25,28,24,2,,,
2018-12-28T08:00:00.000Z,28-12-18,00:00.0,Swansea,17,21,35,,,,
2018-12-28T08:00:00.000Z,28-12-18,00:00.0,Glasgow,11,16,1,44,,,
2018-12-28T08:00:00.000Z,28-12-18,00:00.0,Edinburgh,8,13,5,51,,, 
2018-12-28T08:00:00.000Z,28-12-18,00:00.0,Leeds,10,18,35,38,,,
2018-12-28T08:00:00.000Z,28-12-18,00:00.0,Manchester,17,19,42,10,,,
2018-12-28T08:00:00.000Z,28-12-18,00:00.0,Birmingham,14,,28,36,,,
2018-12-27T17:00:00.000Z,27-12-18,00:00.0,London,27,30,43,5,,,
2018-12-28T07:00:00.000Z,28-12-18,00:00.0,Causeway Bay,32.9,52.1,121,26.5,931.7,,
2018-12-28T07:00:00.000Z,28-12-18,00:00.0,New Territories,24.2,42.6,72.7,68.9,866.9,,
2018-12-28T07:00:00.000Z,28-12-18,00:00.0,Kowloon,28.3,38.3,78.1,53.5,832.3,,
2018-12-28T07:00:00.000Z,28-12-18,00:00.0,Central,28,43.6,116.3,28.5,943.4,,
2018-12-28T07:30:00.000Z,28-12-18,30:00.0,Delhi,281,234.74,65.64,27.41,440,,
2018-12-28T07:30:00.000Z,28-12-18,30:00.0,Mumbai,58,152.88,,,2100,,
2018-12-28T06:00:00.000Z,28-12-18,00:00.0,Cleveland-Elyria-Mentor,9.2,16,0.012,0.025,0.2,,
2018-12-28T06:00:00.000Z,28-12-18,00:00.0,Detroit-Warren-Livonia,6.4,8,0.031,0.025,0,,
2018-12-28T06:00:00.000Z,28-12-18,00:00.0,MONTEZUMA,,,,0.037,,,
2018-12-27T14:00:00.000Z,27-12-18,00:00.0,Minneapolis-St. Paul-Bloomington,4,-1,0.007,0.019,0.29,,
2018-12-28T06:00:00.000Z,28-12-18,00:00.0,New York-Northern New Jersey-Long Island,10.9,15,0.011,0.02,0.2,,
2018-12-28T07:00:00.000Z,28-12-18,00:00.0,Plymouth,25,27,25,2,,,
2018-12-28T07:00:00.000Z,28-12-18,00:00.0,Swansea,17,21,28,,,,
2018-12-28T07:00:00.000Z,28-12-18,00:00.0,Glasgow,11,16,0,41,,,
2018-12-28T07:00:00.000Z,28-12-18,00:00.0,Edinburgh,8,13,3,50,,,
2018-12-28T07:00:00.000Z,28-12-18,00:00.0,Leeds,11,20,16,37,,,
2018-12-28T06:00:00.000Z,28-12-18,00:00.0,Manchester,17,20,31,11,,,
2018-12-28T07:00:00.000Z,28-12-18,00:00.0,Birmingham,15,,20,36,,,
2018-12-27T17:00:00.000Z,27-12-18,00:00.0,London,27,30,43,5,,,
2018-12-28T06:00:00.000Z,28-12-18,00:00.0,Causeway Bay,34.6,51.4,85.5,29.2,931.7,,
2018-12-28T06:00:00.000Z,28-12-18,00:00.0,New Territories,20.3,32.4,65.9,69.1,786.3,,
2018-12-28T06:00:00.000Z,28-12-18,00:00.0,Kowloon,26.8,35.5,49,80.9,796.2,,
2018-12-28T06:00:00.000Z,28-12-18,00:00.0,Central,26.2,38.9,92.5,34.1,936.7,,
2018-12-28T06:30:00.000Z,28-12-18,30:00.0,Delhi,246,234.74,65.64,27.41,440,,
2018-12-28T06:30:00.000Z,28-12-18,30:00.0,Mumbai,278,152.88,,,2100,,
2018-12-28T03:00:00.000Z,28-12-18,00:00.0,Cleveland-Elyria-Mentor,14.5,18,0.002,0.029,0.2,,
2018-12-28T01:00:00.000Z,28-12-18,00:00.0,Detroit-Warren-Livonia,4.4,4,0.026,0.026,0,,
2018-12-28T05:00:00.000Z,28-12-18,00:00.0,MONTEZUMA,,,,0.038,,,
2018-12-27T14:00:00.000Z,27-12-18,00:00.0,Minneapolis-St. Paul-Bloomington,2,0,0.004,0.022,0.23,,
2018-12-28T05:00:00.000Z,28-12-18,00:00.0,New York-Northern New Jersey-Long Island,9,14,0.012,0.013,0.2,,
2018-12-28T06:00:00.000Z,28-12-18,00:00.0,Plymouth,24,27,24,2,,,
2018-12-28T06:00:00.000Z,28-12-18,00:00.0,Swansea,18,21,25,,,,
2018-12-28T06:00:00.000Z,28-12-18,00:00.0,Glasgow,11,16,14,37,,,
2018-12-28T06:00:00.000Z,28-12-18,00:00.0,Edinburgh,8,13,2,48,,,
2018-12-28T06:00:00.000Z,28-12-18,00:00.0,Leeds,11,20,16,34,,,
2018-12-28T06:00:00.000Z,28-12-18,00:00.0,Manchester,18,21,31,10,,,
2018-12-28T06:00:00.000Z,28-12-18,00:00.0,Birmingham,15,,13,33,,,
2018-12-27T17:00:00.000Z,27-12-18,00:00.0,London,27,30,43,1,,,
2018-12-28T04:00:00.000Z,28-12-18,00:00.0,Causeway Bay,27.5,43.8,92.8,10.3,999.5,,
2018-12-28T05:00:00.000Z,28-12-18,00:00.0,New Territories,18.3,26.9,37.9,52.1,801.6,,
2018-12-28T05:00:00.000Z,28-12-18,00:00.0,Kowloon,23.1,31.5,101.1,22.7,874.7,,
2018-12-28T05:00:00.000Z,28-12-18,00:00.0,Central,29.1,41,79.6,24.7,900.1,,
2018-12-28T04:30:00.000Z,28-12-18,30:00.0,Delhi,202,234.74,65.64,27.41,440,,
2018-12-28T04:30:00.000Z,28-12-18,30:00.0,Mumbai,62,152.88,,,,,
2018-12-28T03:00:00.000Z,28-12-18,00:00.0,Cleveland-Elyria-Mentor,6.8,14,0.008,0.029,0.25,,
2018-12-28T01:00:00.000Z,28-12-18,00:00.0,Detroit-Warren-Livonia,5.4,7,0.025,0.025,0,,
2018-12-28T03:00:00.000Z,28-12-18,00:00.0,MONTEZUMA,,,,0.035,,,
2018-12-27T14:00:00.000Z,27-12-18,00:00.0,Minneapolis-St. Paul-Bloomington,1,0,0.004,0.02,0.24,,
2018-12-28T04:00:00.000Z,28-12-18,00:00.0,New York-Northern New Jersey-Long Island,9,15,0.021,0.015,0.3,,
2018-12-28T04:00:00.000Z,28-12-18,00:00.0,Plymouth,24,26,26,2,,,
2018-12-28T04:00:00.000Z,28-12-18,00:00.0,Swansea,18,22,20,,,,
2018-12-28T02:00:00.000Z,28-12-18,00:00.0,Glasgow,12,17,0,28,,,
2018-12-28T03:00:00.000Z,28-12-18,00:00.0,Edinburgh,8,14,2,44,,,
2018-12-28T00:00:00.000Z,28-12-18,00:00.0,Leeds,11,21,11,24,,,
2018-12-27T16:00:00.000Z,27-12-18,00:00.0,Manchester,20,23,47,6,,,
2018-12-28T04:00:00.000Z,28-12-18,00:00.0,Birmingham,16,,12,24,,,
2018-12-27T17:00:00.000Z,27-12-18,00:00.0,London,27,30,80,6,,,
2018-12-28T04:00:00.000Z,28-12-18,00:00.0,Causeway Bay,27.5,43.8,92.8,10.3,999.5,,
2018-12-28T05:00:00.000Z,28-12-18,00:00.0,New Territories,18.3,26.9,37.9,52.1,801.6,,
2018-12-28T05:00:00.000Z,28-12-18,00:00.0,Kowloon,23.1,31.5,101.1,22.7,874.7,,
2018-12-28T05:00:00.000Z,28-12-18,00:00.0,Central,29.1,41,79.6,24.7,900.1,,
2018-12-28T04:30:00.000Z,28-12-18,30:00.0,Delhi,202,234.74,65.64,27.41,440,,
2018-12-28T04:30:00.000Z,28-12-18,30:00.0,Mumbai,62,152.88,,,,,
2018-12-28T03:00:00.000Z,28-12-18,00:00.0,Cleveland-Elyria-Mentor,6.8,14,0.008,0.029,0.25,,
2018-12-28T01:00:00.000Z,28-12-18,00:00.0,Detroit-Warren-Livonia,5.4,7,0.025,0.025,0,,
2018-12-28T03:00:00.000Z,28-12-18,00:00.0,MONTEZUMA,,,,0.035,,,
2018-12-27T14:00:00.000Z,27-12-18,00:00.0,Minneapolis-St. Paul-Bloomington,1,0,0.004,0.02,0.24,,
2018-12-28T02:00:00.000Z,28-12-18,00:00.0,New York-Northern New Jersey-Long Island,9,15,0.021,0.015,0.3,,
2018-12-28T04:00:00.000Z,28-12-18,00:00.0,Plymouth,24,26,26,2,,,
2018-12-28T04:00:00.000Z,28-12-18,00:00.0,Swansea,18,22,20,,,,
2018-12-28T02:00:00.000Z,28-12-18,00:00.0,Glasgow,12,17,0,28,,,
2018-12-28T03:00:00.000Z,28-12-18,00:00.0,Edinburgh,8,14,2,44,,,
2018-12-28T00:00:00.000Z,28-12-18,00:00.0,Leeds,11,21,11,24,,,
2018-12-27T16:00:00.000Z,27-12-18,00:00.0,Manchester,20,23,47,6,,,
2018-12-28T04:00:00.000Z,28-12-18,00:00.0,Birmingham,16,,12,24,,,
2018-12-27T17:00:00.000Z,27-12-18,00:00.0,London,27,30,80,6,,,
2018-12-28T04:00:00.000Z,28-12-18,00:00.0,Causeway Bay,27.5,43.8,92.8,10.3,999.5,,
2018-12-28T02:00:00.000Z,28-12-18,00:00.0,New Territories,18.3,26.9,37.9,52.1,801.6,,
2018-12-28T04:00:00.000Z,28-12-18,00:00.0,Kowloon,26.4,47.9,36.9,44.2,814.6,,
2018-12-28T04:00:00.000Z,28-12-18,00:00.0,Central,26.9,38.8,74.4,17.5,878.7,,
2018-12-28T03:30:00.000Z,28-12-18,30:00.0,Delhi,206,234.74,65.64,27.41,440,,
2018-12-28T03:30:00.000Z,28-12-18,30:00.0,Mumbai,58,152.88,,,,,
2018-12-28T03:00:00.000Z,28-12-18,00:00.0,Cleveland-Elyria-Mentor,9.5,15,0.007,0.037,0.2,,
2018-12-28T01:00:00.000Z,28-12-18,00:00.0,Detroit-Warren-Livonia,5,9,0.013,0.027,0,,
2018-12-28T02:00:00.000Z,28-12-18,00:00.0,MONTEZUMA,,,,0.035,,,
2018-12-27T14:00:00.000Z,27-12-18,00:00.0,Minneapolis-St. Paul-Bloomington,2,-1,0.004,0.019,0.25,,
2018-12-28T02:00:00.000Z,28-12-18,00:00.0,New York-Northern New Jersey-Long Island,11.9,16,0.024,0.016,0.3,,
2018-12-28T03:00:00.000Z,28-12-18,00:00.0,Plymouth,23,26,26,2,,,
2018-12-28T03:00:00.000Z,28-12-18,00:00.0,Swansea,18,22,21,,,,
2018-12-28T02:00:00.000Z,28-12-18,00:00.0,Glasgow,13,18,0,22,,,
2018-12-28T03:00:00.000Z,28-12-18,00:00.0,Edinburgh,8,14,3,42,,,
2018-12-28T00:00:00.000Z,28-12-18,00:00.0,Leeds,12,22,20,17,,,
2018-12-27T16:00:00.000Z,27-12-18,00:00.0,Manchester,20,23,42,6,,,
2018-12-28T03:00:00.000Z,28-12-18,00:00.0,Birmingham,17,,11,18,,,
2018-12-27T17:00:00.000Z,27-12-18,00:00.0,London,27,30,80,6,,,
2018-12-28T02:00:00.000Z,28-12-18,00:00.0,Causeway Bay,27.7,45.1,60,7.6,999.5,,
2018-12-28T02:00:00.000Z,28-12-18,00:00.0,New Territories,21,29.7,46.9,19.6,854.6,,
2018-12-28T02:00:00.000Z,28-12-18,00:00.0,Kowloon,23.6,30.6,41.5,15.7,930,,
2018-12-28T02:00:00.000Z,28-12-18,00:00.0,Central,24.3,38.8,61.7,7.6,961.4,,
2018-12-28T01:45:00.000Z,28-12-18,45:00.0,Delhi,162.56,234.74,65.64,27.41,440,,
2018-12-28T01:30:00.000Z,28-12-18,30:00.0,Mumbai,54,152.88,,,,,
2018-12-28T01:00:00.000Z,28-12-18,00:00.0,Cleveland-Elyria-Mentor,13.8,22,0.008,0.029,0.3,,
2018-12-28T01:00:00.000Z,28-12-18,00:00.0,Detroit-Warren-Livonia,7.4,23,0.005,0.025,0.4,,
2018-12-27T23:00:00.000Z,27-12-18,00:00.0,MONTEZUMA,,,,0.04,,,
2018-12-27T14:00:00.000Z,27-12-18,00:00.0,Minneapolis-St. Paul-Bloomington,2,-2,0.005,0.02,0.25,,
2018-12-28T00:00:00.000Z,28-12-18,00:00.0,New York-Northern New Jersey-Long Island,9,21,0.024,0.005,0.3,,
2018-12-28T00:00:00.000Z,28-12-18,00:00.0,Plymouth,21,24,42,3,,,
2018-12-28T02:00:00.000Z,28-12-18,00:00.0,Swansea,19,22,24,,,,
2018-12-28T02:00:00.000Z,28-12-18,00:00.0,Glasgow,13,18,2,18,,,
2018-12-28T02:00:00.000Z,28-12-18,00:00.0,Edinburgh,8,15,3,38,,,
2018-12-28T00:00:00.000Z,28-12-18,00:00.0,Leeds,12,21,20,15,,,
2018-12-27T16:00:00.000Z,27-12-18,00:00.0,Manchester,20,24,47,5,,,
2018-12-28T02:00:00.000Z,28-12-18,00:00.0,Birmingham,17,,11,16,,,
2018-12-27T17:00:00.000Z,27-12-18,00:00.0,London,27,30,80,6,,,
2018-12-28T02:00:00.000Z,28-12-18,00:00.0,Causeway Bay,27.7,45.1,60,7.6,999.5,,
2018-12-27T21:00:00.000Z,27-12-18,00:00.0,New Territories,17.7,29.7,46.9,19.6,854.6,,
2018-12-28T02:00:00.000Z,28-12-18,00:00.0,Kowloon,23.6,30.6,41.5,15.7,930,,
2018-12-28T02:00:00.000Z,28-12-18,00:00.0,Central,24.3,38.8,61.7,7.6,961.4,,
2018-12-28T01:45:00.000Z,28-12-18,45:00.0,Delhi,162.56,234.74,65.64,27.41,440,,
2018-12-28T01:30:00.000Z,28-12-18,30:00.0,Mumbai,54,152.88,,,,,
2018-12-28T01:00:00.000Z,28-12-18,00:00.0,Cleveland-Elyria-Mentor,13.8,22,0.008,0.029,0.3,,
2018-12-28T01:00:00.000Z,28-12-18,00:00.0,Detroit-Warren-Livonia,7.4,23,0.005,0.025,0.4,,
2018-12-27T23:00:00.000Z,27-12-18,00:00.0,MONTEZUMA,,,,0.04,,,
2018-12-27T14:00:00.000Z,27-12-18,00:00.0,Minneapolis-St. Paul-Bloomington,2,-2,0.005,0.02,0.25,,
2018-12-28T00:00:00.000Z,28-12-18,00:00.0,New York-Northern New Jersey-Long Island,9,21,0.024,0.005,0.3,,
2018-12-28T00:00:00.000Z,28-12-18,00:00.0,Plymouth,21,24,42,3,,,
2018-12-28T01:00:00.000Z,28-12-18,00:00.0,Swansea,19,23,29,,,,
2018-12-28T01:00:00.000Z,28-12-18,00:00.0,Glasgow,13,20,5,15,,,
2018-12-28T01:00:00.000Z,28-12-18,00:00.0,Edinburgh,8,15,9,36,,,
2018-12-28T00:00:00.000Z,28-12-18,00:00.0,Leeds,12,22,42,9,,,
2018-12-27T16:00:00.000Z,27-12-18,00:00.0,Manchester,20,25,53,3,,,
2018-12-28T00:00:00.000Z,28-12-18,00:00.0,Birmingham,19,,28,5,,,
2018-12-27T17:00:00.000Z,27-12-18,00:00.0,London,27,30,80,2,,,
2018-12-28T00:00:00.000Z,28-12-18,00:00.0,Causeway Bay,23.2,34.8,75.6,4.5,892.6,,
2018-12-27T21:00:00.000Z,27-12-18,00:00.0,New Territories,17.7,26.7,26.7,23.6,906.8,,
2018-12-27T23:00:00.000Z,27-12-18,00:00.0,Kowloon,20,30.9,45.8,9.7,930,,
2018-12-28T00:00:00.000Z,28-12-18,00:00.0,Central,23.6,35.6,51.4,7.1,860.9,,
2018-12-28T01:15:00.000Z,28-12-18,15:00.0,Delhi,187.21,277.19,62.49,27.65,190,,
2018-12-28T00:30:00.000Z,28-12-18,30:00.0,Mumbai,51,152.88,,,,,
2018-12-27T23:00:00.000Z,27-12-18,00:00.0,Cleveland-Elyria-Mentor,9.4,71,0.01,0.027,0.4,,
2018-12-27T21:00:00.000Z,27-12-18,00:00.0,Detroit-Warren-Livonia,7.4,23,0.011,0.024,0.5,,
2018-12-27T23:00:00.000Z,27-12-18,00:00.0,MONTEZUMA,,,,0.04,,,
2018-12-27T14:00:00.000Z,27-12-18,00:00.0,Minneapolis-St. Paul-Bloomington,4,-2,0.005,0.02,0.25,,
2018-12-27T21:00:00.000Z,27-12-18,00:00.0,New York-Northern New Jersey-Long Island,7.9,21,0.019,0.004,0.3,,
2018-12-28T00:00:00.000Z,28-12-18,00:00.0,Plymouth,21,24,42,3,,,
2018-12-28T00:00:00.000Z,28-12-18,00:00.0,Swansea,19,23,24,,,,
2018-12-27T22:00:00.000Z,27-12-18,00:00.0,Glasgow,13,19,47,12,,,
2018-12-28T00:00:00.000Z,28-12-18,00:00.0,Edinburgh,9,15,11,34,,,
2018-12-27T17:00:00.000Z,27-12-18,00:00.0,Leeds,12,22,42,9,,,
2018-12-27T16:00:00.000Z,27-12-18,00:00.0,Manchester,23,26,55,3,,,
2018-12-28T00:00:00.000Z,28-12-18,00:00.0,Birmingham,19,,28,5,,,
2018-12-27T17:00:00.000Z,27-12-18,00:00.0,London,27,30,57,2,,,
2018-12-28T00:00:00.000Z,28-12-18,00:00.0,Causeway Bay,23.2,34.8,75.6,4.5,892.6,,
2018-12-27T21:00:00.000Z,27-12-18,00:00.0,New Territories,17.4,26.7,26.7,23.6,906.8,,
2018-12-27T23:00:00.000Z,27-12-18,00:00.0,Kowloon,20,30.9,45.8,9.7,930,,
2018-12-28T00:00:00.000Z,28-12-18,00:00.0,Central,23.6,35.6,51.4,7.1,860.9,,
2018-12-28T00:30:00.000Z,28-12-18,30:00.0,Delhi,227.1,334.5,62.24,27.38,220,,
2018-12-27T20:30:00.000Z,27-12-18,30:00.0,Mumbai,50,152.88,,,,,
2018-12-27T23:00:00.000Z,27-12-18,00:00.0,Cleveland-Elyria-Mentor,12.4,30,0.007,0.024,0.17,,
2018-12-27T21:00:00.000Z,27-12-18,00:00.0,Detroit-Warren-Livonia,7.2,15,0.01,0.02,0,,
2018-12-27T22:00:00.000Z,27-12-18,00:00.0,MONTEZUMA,,,,0.041,,,
2018-12-27T14:00:00.000Z,27-12-18,00:00.0,Minneapolis-St. Paul-Bloomington,4,1,0.005,0.02,0.25,,
2018-12-27T21:00:00.000Z,27-12-18,00:00.0,New York-Northern New Jersey-Long Island,11.5,18,0.018,0.014,0.3,,
2018-12-27T23:00:00.000Z,27-12-18,00:00.0,Plymouth,20,23,45,5,,,
2018-12-27T23:00:00.000Z,27-12-18,00:00.0,Swansea,19,22,22,,,,
2018-12-27T22:00:00.000Z,27-12-18,00:00.0,Glasgow,13,19,17,11,,,
2018-12-27T23:00:00.000Z,27-12-18,00:00.0,Edinburgh,9,16,13,34,,,
2018-12-27T17:00:00.000Z,27-12-18,00:00.0,Leeds,13,22,55,9,,,
2018-12-27T16:00:00.000Z,27-12-18,00:00.0,Manchester,23,27,55,3,,,
2018-12-27T23:00:00.000Z,27-12-18,00:00.0,Birmingham,19,,50,3,,,
2018-12-27T17:00:00.000Z,27-12-18,00:00.0,London,27,30,57,7,,,
2018-12-27T23:00:00.000Z,27-12-18,00:00.0,Causeway Bay,22.3,35.1,45.6,12.9,892.6,,
2018-12-27T21:00:00.000Z,27-12-18,00:00.0,New Territories,17.4,29.1,21,20.2,870.4,,
2018-12-27T23:00:00.000Z,27-12-18,00:00.0,Kowloon,18,24.7,38.3,14.8,797.3,,
2018-12-27T23:00:00.000Z,27-12-18,00:00.0,Central,21.1,33.8,49.3,7.4,918.2,,
2018-12-27T23:30:00.000Z,27-12-18,30:00.0,Delhi,256.56,303.43,65.07,27.89,190,,
2018-12-27T20:30:00.000Z,27-12-18,30:00.0,Mumbai,51,152.88,,,,,
2018-12-27T20:00:00.000Z,27-12-18,00:00.0,Cleveland-Elyria-Mentor,18.2,74,0.015,0.021,0.3,,
2018-12-27T21:00:00.000Z,27-12-18,00:00.0,Detroit-Warren-Livonia,5.8,16,0.01,0.019,0,,
2018-12-27T21:00:00.000Z,27-12-18,00:00.0,MONTEZUMA,,,,0.042,,,
2018-12-27T14:00:00.000Z,27-12-18,00:00.0,Minneapolis-St. Paul-Bloomington,4,3,0.007,0.02,0.27,,
2018-12-27T21:00:00.000Z,27-12-18,00:00.0,New York-Northern New Jersey-Long Island,12.8,18,0.023,0.009,0.3,,
2018-12-27T22:00:00.000Z,27-12-18,00:00.0,Plymouth,19,22,45,7,,,
2018-12-27T22:00:00.000Z,27-12-18,00:00.0,Swansea,19,22,31,,,,
2018-12-27T22:00:00.000Z,27-12-18,00:00.0,Glasgow,13,19,19,11,,,
2018-12-27T22:00:00.000Z,27-12-18,00:00.0,Edinburgh,9,16,11,33,,,
2018-12-27T17:00:00.000Z,27-12-18,00:00.0,Leeds,13,22,55,9,,,
2018-12-27T16:00:00.000Z,27-12-18,00:00.0,Manchester,23,27,55,3,,,
2018-12-27T22:00:00.000Z,27-12-18,00:00.0,Birmingham,19,,50,4,,,
2018-12-27T17:00:00.000Z,27-12-18,00:00.0,London,27,30,57,7,,,
2018-12-27T21:00:00.000Z,27-12-18,00:00.0,Causeway Bay,17.2,26.8,27.7,22.4,759.2,,
2018-12-27T21:00:00.000Z,27-12-18,00:00.0,New Territories,17.4,28.3,17,30.9,836.5,,
2018-12-27T21:00:00.000Z,27-12-18,00:00.0,Kowloon,18.9,36.8,17.1,27.3,787.6,,
2018-12-27T21:00:00.000Z,27-12-18,00:00.0,Central,18.3,28.2,40.5,10.2,862.6,,
2018-12-27T21:30:00.000Z,27-12-18,30:00.0,Delhi,157.53,275.62,23.77,14.95,2870,,
2018-12-27T20:30:00.000Z,27-12-18,30:00.0,Mumbai,122,152.88,,,,,
2018-12-27T20:00:00.000Z,27-12-18,00:00.0,Cleveland-Elyria-Mentor,11.6,71,0.018,0.017,0.3,,
2018-12-27T20:00:00.000Z,27-12-18,00:00.0,Detroit-Warren-Livonia,5.8,7,0.01,0.019,0,,
2018-12-27T20:00:00.000Z,27-12-18,00:00.0,MONTEZUMA,,,,0.039,,,
2018-12-27T14:00:00.000Z,27-12-18,00:00.0,Minneapolis-St. Paul-Bloomington,4,4,0.007,0.021,0.26,,
2018-12-27T20:00:00.000Z,27-12-18,00:00.0,New York-Northern New Jersey-Long Island,8.3,16,0.019,0.015,0.28,,
2018-12-27T21:00:00.000Z,27-12-18,00:00.0,Plymouth,18,21,62,10,,,
2018-12-27T21:00:00.000Z,27-12-18,00:00.0,Swansea,19,22,51,,,,
2018-12-27T21:00:00.000Z,27-12-18,00:00.0,Edinburgh,9,16,12,31,,,
2018-12-27T17:00:00.000Z,27-12-18,00:00.0,Leeds,13,22,53,8,,,
2018-12-27T16:00:00.000Z,27-12-18,00:00.0,Manchester,23,28,53,3,,,
2018-12-27T21:00:00.000Z,27-12-18,00:00.0,Birmingham,19,,67,5,,,
2018-12-27T17:00:00.000Z,27-12-18,00:00.0,London,27,30,57,7,,,
2018-12-27T21:00:00.000Z,27-12-18,00:00.0,Causeway Bay,17.2,26.8,27.7,22.4,759.2,,
2018-12-27T18:00:00.000Z,27-12-18,00:00.0,New Territories,14.2,28.3,17,30.9,836.5,,
2018-12-27T21:00:00.000Z,27-12-18,00:00.0,Kowloon,18.9,36.8,17.1,27.3,787.6,,
2018-12-27T21:00:00.000Z,27-12-18,00:00.0,Central,18.3,28.2,40.5,10.2,862.6,,
2018-12-27T21:30:00.000Z,27-12-18,30:00.0,Delhi,157.53,275.62,23.77,14.95,2870,,
2018-12-27T20:30:00.000Z,27-12-18,30:00.0,Mumbai,122,152.88,,,,,
2018-12-27T20:00:00.000Z,27-12-18,00:00.0,Cleveland-Elyria-Mentor,11.6,71,0.018,0.017,0.3,,
2018-12-27T20:00:00.000Z,27-12-18,00:00.0,Detroit-Warren-Livonia,5.8,7,0.01,0.019,0,,
2018-12-27T19:00:00.000Z,27-12-18,00:00.0,MONTEZUMA,,,,0.041,,,
2018-12-27T14:00:00.000Z,27-12-18,00:00.0,Minneapolis-St. Paul-Bloomington,4,4,0.007,0.021,0.26,,
2018-12-27T19:00:00.000Z,27-12-18,00:00.0,New York-Northern New Jersey-Long Island,7.2,17,0.018,0.013,0.32,,
2018-12-27T20:00:00.000Z,27-12-18,00:00.0,Plymouth,18,20,62,11,,,
2018-12-27T20:00:00.000Z,27-12-18,00:00.0,Swansea,18,22,56,,,,
2018-12-27T17:00:00.000Z,27-12-18,00:00.0,Glasgow,12,19,28,12,,,
2018-12-27T20:00:00.000Z,27-12-18,00:00.0,Edinburgh,9,16,16,30,,,
2018-12-27T17:00:00.000Z,27-12-18,00:00.0,Leeds,13,22,48,7,,,
2018-12-27T16:00:00.000Z,27-12-18,00:00.0,Manchester,24,29,60,3,,,
2018-12-27T20:00:00.000Z,27-12-18,00:00.0,Birmingham,18,,57,6,,,
2018-12-27T17:00:00.000Z,27-12-18,00:00.0,London,27,30,57,7,,,
2018-12-27T20:00:00.000Z,27-12-18,00:00.0,Causeway Bay,20.1,33.9,26.1,23.8,759.2,,
2018-12-27T18:00:00.000Z,27-12-18,00:00.0,New Territories,14.2,27,23.4,26.2,823.9,,
2018-12-27T20:00:00.000Z,27-12-18,00:00.0,Kowloon,15.9,29.3,18.9,25.1,822.6,,
2018-12-27T20:00:00.000Z,27-12-18,00:00.0,Central,19.8,31.7,30.5,25.4,791.5,,
2018-12-27T18:29:00.000Z,27-12-18,29:00.0,Delhi,184.55,342.63,42.98,40.98,2810,,
2018-12-27T19:30:00.000Z,27-12-18,30:00.0,Mumbai,122,152.88,,,,,
2018-12-27T18:00:00.000Z,27-12-18,00:00.0,Cleveland-Elyria-Mentor,12.7,40,0.017,0.018,0.3,,
2018-12-27T18:00:00.000Z,27-12-18,00:00.0,Detroit-Warren-Livonia,5.4,13,0.011,0.017,0,,
2018-12-27T18:00:00.000Z,27-12-18,00:00.0,MONTEZUMA,,,,0.042,,,
2018-12-27T14:00:00.000Z,27-12-18,00:00.0,Minneapolis-St. Paul-Bloomington,5,6,0.011,0.018,0.27,,
2018-12-27T18:00:00.000Z,27-12-18,00:00.0,New York-Northern New Jersey-Long Island,2.1,17,0.019,0.018,0.28,,
2018-12-27T19:00:00.000Z,27-12-18,00:00.0,Plymouth,16,19,81,12,,,
2018-12-27T19:00:00.000Z,27-12-18,00:00.0,Swansea,18,22,63,,,,
2018-12-27T17:00:00.000Z,27-12-18,00:00.0,Glasgow,12,19,22,12,,,
2018-12-27T19:00:00.000Z,27-12-18,00:00.0,Edinburgh,9,16,36,29,,,
2018-12-27T17:00:00.000Z,27-12-18,00:00.0,Leeds,13,22,57,6,,,
2018-12-27T16:00:00.000Z,27-12-18,00:00.0,Manchester,25,29,59,3,,,
2018-12-27T19:00:00.000Z,27-12-18,00:00.0,Birmingham,18,,54,6,,,
2018-12-27T17:00:00.000Z,27-12-18,00:00.0,London,27,30,57,3,,,
2018-12-27T18:00:00.000Z,27-12-18,00:00.0,Causeway Bay,18.6,39.8,35.1,43.3,759.2,,
2018-12-27T18:00:00.000Z,27-12-18,00:00.0,New Territories,14.2,25.6,37.8,37.9,744.8,,
2018-12-27T18:00:00.000Z,27-12-18,00:00.0,Kowloon,17.8,33.2,12.7,64.7,679.7,,
2018-12-27T18:00:00.000Z,27-12-18,00:00.0,Central,14.8,32.8,29.3,56.2,540.5,,
2018-12-27T18:29:00.000Z,27-12-18,29:00.0,Delhi,242.22,380.92,72.77,28.74,160,,
2018-12-27T17:30:00.000Z,27-12-18,30:00.0,Mumbai,83,152.88,,,,,
2018-12-27T17:00:00.000Z,27-12-18,00:00.0,Cleveland-Elyria-Mentor,15.4,49,0.016,0.018,0.3,,
2018-12-27T17:00:00.000Z,27-12-18,00:00.0,Detroit-Warren-Livonia,3.1,11,0.01,0.021,0,,
2018-12-27T16:00:00.000Z,27-12-18,00:00.0,MONTEZUMA,,,,0.039,,,
2018-12-27T14:00:00.000Z,27-12-18,00:00.0,Minneapolis-St. Paul-Bloomington,5,5,0.013,0.016,0.29,,
2018-12-27T16:00:00.000Z,27-12-18,00:00.0,New York-Northern New Jersey-Long Island,15,17,0.012,0.027,0.3,,
2018-12-27T17:00:00.000Z,27-12-18,00:00.0,Plymouth,14,16,59,13,,,
2018-12-27T17:00:00.000Z,27-12-18,00:00.0,Swansea,17,21,63,,,,
2018-12-27T17:00:00.000Z,27-12-18,00:00.0,Glasgow,12,20,20,14,,,
2018-12-27T18:00:00.000Z,27-12-18,00:00.0,Edinburgh,9,16,18,31,,,
2018-12-27T17:00:00.000Z,27-12-18,00:00.0,Leeds,13,22,58,6,,,
2018-12-27T16:00:00.000Z,27-12-18,00:00.0,Manchester,25,30,59,3,,,
2018-12-27T18:00:00.000Z,27-12-18,00:00.0,Birmingham,17,,53,6,,,
2018-12-27T17:00:00.000Z,27-12-18,00:00.0,London,27,30,57,3,,,
2018-12-27T18:00:00.000Z,27-12-18,00:00.0,Causeway Bay,18.6,39.8,35.1,43.3,759.2,,
2018-12-27T18:00:00.000Z,27-12-18,00:00.0,New Territories,14.2,25.6,37.8,37.9,744.8,,
2018-12-27T17:00:00.000Z,27-12-18,00:00.0,Kowloon,17.8,33.2,12.7,64.7,679.7,,
2018-12-27T18:00:00.000Z,27-12-18,00:00.0,Central,14.8,32.8,29.3,56.2,540.5,,
2018-12-27T18:29:00.000Z,27-12-18,29:00.0,Delhi,242.22,380.92,72.77,28.74,160,,
2018-12-27T17:30:00.000Z,27-12-18,30:00.0,Mumbai,83,152.88,,,,,
2018-12-27T17:00:00.000Z,27-12-18,00:00.0,Cleveland-Elyria-Mentor,15.4,49,0.016,0.018,0.3,,
2018-12-27T17:00:00.000Z,27-12-18,00:00.0,Detroit-Warren-Livonia,3.1,11,0.01,0.021,0,,
2018-12-27T16:00:00.000Z,27-12-18,00:00.0,MONTEZUMA,,,,0.039,,,
2018-12-27T14:00:00.000Z,27-12-18,00:00.0,Minneapolis-St. Paul-Bloomington,5,5,0.013,0.016,0.29,,
2018-12-27T16:00:00.000Z,27-12-18,00:00.0,New York-Northern New Jersey-Long Island,15,17,0.012,0.027,0.3,,
2018-12-27T17:00:00.000Z,27-12-18,00:00.0,Plymouth,14,16,59,13,,,
2018-12-27T17:00:00.000Z,27-12-18,00:00.0,Glasgow,12,20,20,14,,,
2018-12-27T17:00:00.000Z,27-12-18,00:00.0,Edinburgh,9,16,19,30,,,
2018-12-27T17:00:00.000Z,27-12-18,00:00.0,Leeds,13,23,59,5,,,
2018-12-27T16:00:00.000Z,27-12-18,00:00.0,Manchester,25,30,57,3,,,
2018-12-27T17:00:00.000Z,27-12-18,00:00.0,Birmingham,17,,51,6,,,
2018-12-27T17:00:00.000Z,27-12-18,00:00.0,London,27,30,57,3,,,
2018-12-27T17:00:00.000Z,27-12-18,00:00.0,Causeway Bay,20.5,44.1,40.6,44.6,601.7,,
2018-12-27T12:00:00.000Z,27-12-18,00:00.0,New Territories,21.3,26.2,32.7,29.3,872.4,,
2018-12-27T17:00:00.000Z,27-12-18,00:00.0,Kowloon,16.1,43.7,14.6,68.7,579.8,,
2018-12-27T17:00:00.000Z,27-12-18,00:00.0,Central,16.2,34.6,33.8,55.6,547.5,,
2018-12-27T17:30:00.000Z,27-12-18,30:00.0,Delhi,294.72,376.96,31.21,15.18,1030,,
2018-12-27T16:30:00.000Z,27-12-18,30:00.0,Mumbai,75,152.88,,,,,
2018-12-27T16:00:00.000Z,27-12-18,00:00.0,Cleveland-Elyria-Mentor,24.9,54,0.017,0.018,0.3,,
2018-12-27T16:00:00.000Z,27-12-18,00:00.0,Detroit-Warren-Livonia,2.4,9,0.008,0.021,0,,
2018-12-27T15:00:00.000Z,27-12-18,00:00.0,MONTEZUMA,,,,0.04,,,
2018-12-27T14:00:00.000Z,27-12-18,00:00.0,Minneapolis-St. Paul-Bloomington,7,8,0.023,0.013,0.52,,
2018-12-27T15:00:00.000Z,27-12-18,00:00.0,New York-Northern New Jersey-Long Island,6.4,15,0.015,0.019,0.3,,
2018-12-27T16:00:00.000Z,27-12-18,00:00.0,Plymouth,14,16,47,12,,,
2018-12-27T16:00:00.000Z,27-12-18,00:00.0,Swansea,16,21,56,,,,
2018-12-27T16:00:00.000Z,27-12-18,00:00.0,Glasgow,12,20,15,16,,,
2018-12-27T16:00:00.000Z,27-12-18,00:00.0,Edinburgh,9,16,15,29,,,
2018-12-27T16:00:00.000Z,27-12-18,00:00.0,Leeds,13,23,50,5,,,
2018-12-27T16:00:00.000Z,27-12-18,00:00.0,Manchester,25,30,56,3,,,
2018-12-27T16:00:00.000Z,27-12-18,00:00.0,Birmingham,17,,47,7,,,
2018-12-26T14:00:00.000Z,26-12-18,00:00.0,London,14,20,59,7,,,
2018-12-27T16:00:00.000Z,27-12-18,00:00.0,Causeway Bay,21.8,45.9,48.8,39.2,634.9,,
2018-12-27T12:00:00.000Z,27-12-18,00:00.0,New Territories,21.3,29.7,39.9,31.1,872.4,,
2018-12-27T16:00:00.000Z,27-12-18,00:00.0,Kowloon,18,31.1,21.1,64,748.9,,
2018-12-27T16:00:00.000Z,27-12-18,00:00.0,Central,23.6,41.1,57.5,39.9,615.2,,
2018-12-27T16:15:00.000Z,27-12-18,15:00.0,Delhi,309.07,492.93,46.07,21.06,1280,,
2018-12-27T15:30:00.000Z,27-12-18,30:00.0,Mumbai,54,152.88,,,,,
2018-12-27T15:00:00.000Z,27-12-18,00:00.0,Cleveland-Elyria-Mentor,23.4,56,0.006,0.013,0.3,,
2018-12-27T11:00:00.000Z,27-12-18,00:00.0,Detroit-Warren-Livonia,4.7,13,0.012,0.02,0,,
2018-12-27T14:00:00.000Z,27-12-18,00:00.0,MONTEZUMA,,,,0.039,,,
2018-12-27T14:00:00.000Z,27-12-18,00:00.0,Minneapolis-St. Paul-Bloomington,9,3,0.008,0.02,0.27,,
2018-12-27T14:00:00.000Z,27-12-18,00:00.0,New York-Northern New Jersey-Long Island,10.1,12,0.02,0.027,0.4,,
2018-12-27T15:00:00.000Z,27-12-18,00:00.0,Plymouth,13,15,46,10,,,
2018-12-27T15:00:00.000Z,27-12-18,00:00.0,Swansea,17,21,47,,,,
2018-12-27T15:00:00.000Z,27-12-18,00:00.0,Glasgow,12,19,17,18,,,
2018-12-27T15:00:00.000Z,27-12-18,00:00.0,Edinburgh,9,16,22,28,,,
2018-12-27T13:00:00.000Z,27-12-18,00:00.0,Leeds,14,23,55,3,,,
2018-12-27T02:00:00.000Z,27-12-18,00:00.0,Manchester,25,30,52,3,,,
2018-12-27T15:00:00.000Z,27-12-18,00:00.0,Birmingham,17,,42,8,,,
2018-12-26T14:00:00.000Z,26-12-18,00:00.0,London,14,20,59,3,,,
2018-12-27T15:00:00.000Z,27-12-18,00:00.0,Causeway Bay,25,41.5,69.5,19.8,885.2,,
2018-12-27T12:00:00.000Z,27-12-18,00:00.0,New Territories,27.5,33.2,45.8,32.9,938,,
2018-12-27T15:00:00.000Z,27-12-18,00:00.0,Kowloon,19.1,37.1,71.7,18.4,829,,
2018-12-27T15:00:00.000Z,27-12-18,00:00.0,Central,21.5,38.4,56.6,33,755.1,,
2018-12-27T14:15:00.000Z,27-12-18,15:00.0,Delhi,253.66,320.69,21.27,31.37,1230,,
2018-12-27T14:30:00.000Z,27-12-18,30:00.0,Mumbai,44,152.88,,,,,
2018-12-27T13:00:00.000Z,27-12-18,00:00.0,Cleveland-Elyria-Mentor,10.6,19,0.005,0.008,0.2,,
2018-12-27T11:00:00.000Z,27-12-18,00:00.0,Detroit-Warren-Livonia,3,12,0.012,0.018,0,,
2018-12-27T13:00:00.000Z,27-12-18,00:00.0,MONTEZUMA,,,,0.039,,,
2018-12-27T13:00:00.000Z,27-12-18,00:00.0,Minneapolis-St. Paul-Bloomington,5,4,0.008,0.02,0.27,,
2018-12-27T13:00:00.000Z,27-12-18,00:00.0,New York-Northern New Jersey-Long Island,10,13,0.024,0.018,0.4,,
2018-12-27T13:00:00.000Z,27-12-18,00:00.0,Plymouth,13,15,35,6,,,
2018-12-27T13:00:00.000Z,27-12-18,00:00.0,Swansea,17,20,55,,,,
2018-12-27T13:00:00.000Z,27-12-18,00:00.0,Glasgow,12,19,15,20,,,
2018-12-27T13:00:00.000Z,27-12-18,00:00.0,Edinburgh,9,16,25,33,,,
2018-12-27T13:00:00.000Z,27-12-18,00:00.0,Leeds,14,23,59,2,,,
2018-12-27T02:00:00.000Z,27-12-18,00:00.0,Manchester,24,29,45,2,,,
2018-12-27T13:00:00.000Z,27-12-18,00:00.0,Birmingham,16,,39,10,,,
2018-12-26T14:00:00.000Z,26-12-18,00:00.0,London,14,20,59,3,,,
2018-12-27T14:00:00.000Z,27-12-18,00:00.0,Causeway Bay,32.2,52.3,76,14.7,959.1,,
2018-12-27T12:00:00.000Z,27-12-18,00:00.0,New Territories,27.5,39.2,52.1,18.6,938.9,,
2018-12-27T13:00:00.000Z,27-12-18,00:00.0,Kowloon,23.9,43,43.5,35.2,945.2,,
2018-12-27T13:00:00.000Z,27-12-18,00:00.0,Central,24.9,42,76.9,22.2,987.1,,
2018-12-27T14:15:00.000Z,27-12-18,15:00.0,Delhi,191.16,489.86,20.86,15.01,1690,,
2018-12-27T13:30:00.000Z,27-12-18,30:00.0,Mumbai,49,152.88,,,,,
2018-12-27T13:00:00.000Z,27-12-18,00:00.0,Cleveland-Elyria-Mentor,10.6,19,0.005,0.008,0.2,,
2018-12-27T11:00:00.000Z,27-12-18,00:00.0,Detroit-Warren-Livonia,3,12,0.012,0.018,0,,
2018-12-27T12:00:00.000Z,27-12-18,00:00.0,MONTEZUMA,,,,0,,,
2018-12-27T12:00:00.000Z,27-12-18,00:00.0,Minneapolis-St. Paul-Bloomington,5,5,0.007,0.022,0.26,,
2018-12-27T12:00:00.000Z,27-12-18,00:00.0,New York-Northern New Jersey-Long Island,13.9,17,0.029,0.007,0.5,,
2018-12-27T13:00:00.000Z,27-12-18,00:00.0,Plymouth,13,15,35,6,,,
2018-12-27T13:00:00.000Z,27-12-18,00:00.0,Swansea,17,20,55,,,,
2018-12-27T13:00:00.000Z,27-12-18,00:00.0,Glasgow,12,19,15,20,,,
2018-12-27T13:00:00.000Z,27-12-18,00:00.0,Edinburgh,9,16,25,33,,,
2018-12-27T13:00:00.000Z,27-12-18,00:00.0,Leeds,14,23,59,2,,,
2018-12-27T02:00:00.000Z,27-12-18,00:00.0,Manchester,24,29,45,2,,,
2018-12-27T13:00:00.000Z,27-12-18,00:00.0,Birmingham,16,,39,10,,,
2018-12-26T14:00:00.000Z,26-12-18,00:00.0,London,14,20,59,3,,,
2018-12-27T12:00:00.000Z,27-12-18,00:00.0,Causeway Bay,35.5,56.6,81.4,21.4,959.1,,
2018-12-27T12:00:00.000Z,27-12-18,00:00.0,New Territories,27.5,41.7,53.3,50.2,979.7,,
2018-12-27T12:00:00.000Z,27-12-18,00:00.0,Kowloon,21,43.8,63.6,31,945.2,,
2018-12-27T12:00:00.000Z,27-12-18,00:00.0,Central,24.1,38.6,90.6,21.2,989.3,,
2018-12-27T13:15:00.000Z,27-12-18,15:00.0,Delhi,222.48,244.22,45.44,28.94,4560,,
2018-12-27T12:30:00.000Z,27-12-18,30:00.0,Mumbai,49,152.88,,,,,
2018-12-27T12:00:00.000Z,27-12-18,00:00.0,Cleveland-Elyria-Mentor,31.7,14,0.02,0.008,0.3,,
2018-12-27T11:00:00.000Z,27-12-18,00:00.0,Detroit-Warren-Livonia,4.3,10,0.009,0.017,0,,
2018-12-27T11:00:00.000Z,27-12-18,00:00.0,MONTEZUMA,,,,0,,,
2018-12-27T11:00:00.000Z,27-12-18,00:00.0,Minneapolis-St. Paul-Bloomington,7,5,0.006,0.022,0.25,,
2018-12-27T11:00:00.000Z,27-12-18,00:00.0,New York-Northern New Jersey-Long Island,16.9,18,0.028,0.011,0.6,,
2018-12-27T12:00:00.000Z,27-12-18,00:00.0,Plymouth,13,15,30,4,,,
2018-12-27T12:00:00.000Z,27-12-18,00:00.0,Swansea,16,20,43,,,,
2018-12-27T12:00:00.000Z,27-12-18,00:00.0,Glasgow,12,19,28,23,,,
2018-12-27T12:00:00.000Z,27-12-18,00:00.0,Edinburgh,9,16,25,35,,,
2018-12-27T12:00:00.000Z,27-12-18,00:00.0,Leeds,13,22,72,1,,,
2018-12-27T02:00:00.000Z,27-12-18,00:00.0,Manchester,23,28,41,2,,,
2018-12-27T12:00:00.000Z,27-12-18,00:00.0,Birmingham,16,,43,12,,,
2018-12-26T14:00:00.000Z,26-12-18,00:00.0,London,14,20,59,3,,,
2018-12-27T12:00:00.000Z,27-12-18,00:00.0,Causeway Bay,35.5,56.6,81.4,21.4,959.1,,
2018-12-27T09:00:00.000Z,27-12-18,00:00.0,New Territories,23.5,41.7,53.3,50.2,979.7,,
2018-12-27T11:00:00.000Z,27-12-18,00:00.0,Kowloon,21,43.8,63.6,31,945.2,,
2018-12-27T11:00:00.000Z,27-12-18,00:00.0,Central,23.2,38.9,98.5,28.3,989.3,,
2018-12-27T11:45:00.000Z,27-12-18,45:00.0,Delhi,89.7,252.56,21.22,53.23,3520,,
2018-12-27T11:30:00.000Z,27-12-18,30:00.0,Mumbai,37,152.88,,,,,
2018-12-27T11:00:00.000Z,27-12-18,00:00.0,Cleveland-Elyria-Mentor,23.8,14,0.018,0.011,0.2,,
2018-12-27T11:00:00.000Z,27-12-18,00:00.0,Detroit-Warren-Livonia,13.3,11,0.007,0.016,0,,
2018-12-27T10:00:00.000Z,27-12-18,00:00.0,MONTEZUMA,,,,0,,,
2018-12-27T10:00:00.000Z,27-12-18,00:00.0,Minneapolis-St. Paul-Bloomington,9,6,0.006,0.023,0.25,,
2018-12-27T10:00:00.000Z,27-12-18,00:00.0,New York-Northern New Jersey-Long Island,15,18,0.025,0.013,0.2,,
2018-12-27T11:00:00.000Z,27-12-18,00:00.0,Plymouth,14,15,32,3,,,
2018-12-27T11:00:00.000Z,27-12-18,00:00.0,Swansea,16,19,39,,,,
2018-12-27T11:00:00.000Z,27-12-18,00:00.0,Glasgow,11,19,26,26,,,
2018-12-27T11:00:00.000Z,27-12-18,00:00.0,Edinburgh,9,16,32,38,,,
2018-12-27T11:00:00.000Z,27-12-18,00:00.0,Leeds,13,22,72,2,,,
2018-12-27T02:00:00.000Z,27-12-18,00:00.0,Manchester,23,27,41,3,,,
2018-12-27T11:00:00.000Z,27-12-18,00:00.0,Birmingham,16,,36,14,,,
2018-12-26T14:00:00.000Z,26-12-18,00:00.0,London,14,20,59,6,,,
2018-12-27T11:00:00.000Z,27-12-18,00:00.0,Causeway Bay,25.6,47.7,103.8,17.1,959.1,,
2018-12-27T09:00:00.000Z,27-12-18,00:00.0,New Territories,23.5,30,44,68,978.2,,
2018-12-27T11:00:00.000Z,27-12-18,00:00.0,Kowloon,20.9,34.2,63.2,44.9,945.2,,
2018-12-27T11:00:00.000Z,27-12-18,00:00.0,Central,23.2,38.9,98.5,28.3,989.3,,
2018-12-27T11:30:00.000Z,27-12-18,30:00.0,Delhi,263.63,239.67,65.63,57.59,1340,,
2018-12-27T10:30:00.000Z,27-12-18,30:00.0,Mumbai,39,152.88,,,,,
2018-12-27T10:00:00.000Z,27-12-18,00:00.0,Cleveland-Elyria-Mentor,26.8,10,0.026,0.006,0.2,,
2018-12-27T10:00:00.000Z,27-12-18,00:00.0,Detroit-Warren-Livonia,13.9,8,0.009,0.008,0.4,,
2018-12-27T08:00:00.000Z,27-12-18,00:00.0,MONTEZUMA,,,,0.038,,,
2018-12-27T09:00:00.000Z,27-12-18,00:00.0,Minneapolis-St. Paul-Bloomington,16,8,0.006,0.02,0.31,,
2018-12-27T09:00:00.000Z,27-12-18,00:00.0,New York-Northern New Jersey-Long Island,20.8,20,0.024,0.01,0.26,,
2018-12-27T10:00:00.000Z,27-12-18,00:00.0,Plymouth,14,15,44,4,,,
2018-12-27T10:00:00.000Z,27-12-18,00:00.0,Swansea,16,19,50,,,,
2018-12-27T09:00:00.000Z,27-12-18,00:00.0,Glasgow,11,19,15,29,,,
2018-12-27T10:00:00.000Z,27-12-18,00:00.0,Edinburgh,9,16,33,41,,,
2018-12-27T06:00:00.000Z,27-12-18,00:00.0,Leeds,13,21,75,4,,,
2018-12-27T02:00:00.000Z,27-12-18,00:00.0,Manchester,22,27,40,3,,,
2018-12-27T10:00:00.000Z,27-12-18,00:00.0,Birmingham,16,,33,16,,,
2018-12-26T14:00:00.000Z,26-12-18,00:00.0,London,14,20,59,6,,,
2018-12-27T10:00:00.000Z,27-12-18,00:00.0,Causeway Bay,34.9,62.9,109.6,20.8,959.1,,
2018-12-27T09:00:00.000Z,27-12-18,00:00.0,New Territories,26.1,26.3,39.5,91.7,929.8,,
2018-12-27T10:00:00.000Z,27-12-18,00:00.0,Kowloon,18,41.8,59.8,63.1,945.2,,
2018-12-27T09:00:00.000Z,27-12-18,00:00.0,Central,27.3,44.7,112.7,39,989.3,,
2018-12-27T10:15:00.000Z,27-12-18,15:00.0,Delhi,50.08,138.87,61.77,48.37,310,,
2018-12-27T08:30:00.000Z,27-12-18,30:00.0,Mumbai,49,152.88,,,,,
2018-12-27T08:00:00.000Z,27-12-18,00:00.0,Cleveland-Elyria-Mentor,3.7,14,0.024,0.005,0.4,,
2018-12-27T08:00:00.000Z,27-12-18,00:00.0,Detroit-Warren-Livonia,13.9,8,0.009,0.008,0.4,,
2018-12-27T08:00:00.000Z,27-12-18,00:00.0,MONTEZUMA,,,,0.038,,,
2018-12-26T23:00:00.000Z,26-12-18,00:00.0,Minneapolis-St. Paul-Bloomington,16,8,0.006,0.02,0.31,,
2018-12-27T07:00:00.000Z,27-12-18,00:00.0,New York-Northern New Jersey-Long Island,16,26,0.022,0.018,0.4,,
2018-12-27T08:00:00.000Z,27-12-18,00:00.0,Plymouth,12,14,45,7,,,
2018-12-27T09:00:00.000Z,27-12-18,00:00.0,Swansea,16,19,64,,,,
2018-12-27T09:00:00.000Z,27-12-18,00:00.0,Glasgow,11,19,18,31,,,
2018-12-27T09:00:00.000Z,27-12-18,00:00.0,Edinburgh,9,16,32,44,,,
2018-12-27T06:00:00.000Z,27-12-18,00:00.0,Leeds,13,21,68,5,,,
2018-12-27T02:00:00.000Z,27-12-18,00:00.0,Manchester,21,26,37,3,,,
2018-12-27T09:00:00.000Z,27-12-18,00:00.0,Birmingham,15,,30,18,,,
2018-12-26T14:00:00.000Z,26-12-18,00:00.0,London,14,20,59,6,,,
2018-12-27T09:00:00.000Z,27-12-18,00:00.0,Causeway Bay,41.4,60.2,114.6,32.4,959.1,,
2018-12-27T09:00:00.000Z,27-12-18,00:00.0,New Territories,25.1,37,112.8,51.5,888.1,,
2018-12-27T09:00:00.000Z,27-12-18,00:00.0,Kowloon,17.1,32.3,47,94.4,945.2,,
2018-12-27T09:00:00.000Z,27-12-18,00:00.0,Central,27.3,44.7,112.7,39,989.3,,
2018-12-27T07:15:00.000Z,27-12-18,15:00.0,Delhi,131.23,301.92,20.96,30.64,2490,,
2018-12-27T08:30:00.000Z,27-12-18,30:00.0,Mumbai,49,152.88,,,,,
2018-12-27T08:00:00.000Z,27-12-18,00:00.0,Cleveland-Elyria-Mentor,36.9,25,0.03,0.001,0.3,,
2018-12-27T08:00:00.000Z,27-12-18,00:00.0,Detroit-Warren-Livonia,9.9,9,0.013,0.008,0,,
2018-12-27T07:00:00.000Z,27-12-18,00:00.0,MONTEZUMA,,,,0.038,,,
2018-12-26T23:00:00.000Z,26-12-18,00:00.0,Minneapolis-St. Paul-Bloomington,16,8,0.006,0.02,0.31,,
2018-12-27T07:00:00.000Z,27-12-18,00:00.0,New York-Northern New Jersey-Long Island,16,26,0.022,0.018,0.4,,
2018-12-27T08:00:00.000Z,27-12-18,00:00.0,Plymouth,12,14,45,7,,,
2018-12-27T08:00:00.000Z,27-12-18,00:00.0,Swansea,15,18,41,,,,
2018-12-27T08:00:00.000Z,27-12-18,00:00.0,Glasgow,12,18,10,32,,,
2018-12-27T08:00:00.000Z,27-12-18,00:00.0,Edinburgh,9,16,27,44,,,
2018-12-27T06:00:00.000Z,27-12-18,00:00.0,Leeds,13,21,59,9,,,
2018-12-27T02:00:00.000Z,27-12-18,00:00.0,Manchester,21,26,33,3,,,
2018-12-27T08:00:00.000Z,27-12-18,00:00.0,Birmingham,15,,21,20,,,
2018-12-26T14:00:00.000Z,26-12-18,00:00.0,London,14,20,59,6,,,
2018-12-27T08:00:00.000Z,27-12-18,00:00.0,Causeway Bay,35,51,113.9,24.3,959.1,,
2018-12-27T02:00:00.000Z,27-12-18,00:00.0,New Territories,25.7,33.3,108,33.5,847.9,,
2018-12-27T08:00:00.000Z,27-12-18,00:00.0,Kowloon,19.1,46.8,59.5,81.1,945.2,,
2018-12-27T08:00:00.000Z,27-12-18,00:00.0,Central,30.5,51.4,142.4,9.6,952.1,,
2018-12-27T07:15:00.000Z,27-12-18,15:00.0,Delhi,133.24,274.19,36.15,51.74,930,,
2018-12-27T05:30:00.000Z,27-12-18,30:00.0,Mumbai,32,152.88,,,,,
2018-12-27T03:00:00.000Z,27-12-18,00:00.0,Cleveland-Elyria-Mentor,50.5,38,0.034,0.001,0.4,,
2018-12-27T05:00:00.000Z,27-12-18,00:00.0,Detroit-Warren-Livonia,15.3,12,0.01,0.007,0.5,,
2018-12-27T05:00:00.000Z,27-12-18,00:00.0,MONTEZUMA,,,,0.038,,,
2018-12-26T23:00:00.000Z,26-12-18,00:00.0,Minneapolis-St. Paul-Bloomington,15,13,0.005,0.019,0.24,,
2018-12-27T05:00:00.000Z,27-12-18,00:00.0,New York-Northern New Jersey-Long Island,16,23,0.017,0.002,0.4,,
2018-12-27T06:00:00.000Z,27-12-18,00:00.0,Plymouth,12,14,34,13,,,
2018-12-27T07:00:00.000Z,27-12-18,00:00.0,Swansea,14,18,37,,,,
2018-12-27T06:00:00.000Z,27-12-18,00:00.0,Glasgow,12,18,8,33,,,
2018-12-27T07:00:00.000Z,27-12-18,00:00.0,Edinburgh,9,16,5,45,,,
2018-12-27T06:00:00.000Z,27-12-18,00:00.0,Leeds,13,21,59,10,,,
2018-12-27T02:00:00.000Z,27-12-18,00:00.0,Manchester,20,25,33,3,,,
2018-12-27T07:00:00.000Z,27-12-18,00:00.0,Birmingham,15,,18,22,,,
2018-12-26T14:00:00.000Z,26-12-18,00:00.0,London,14,20,59,6,,,
2018-12-27T07:00:00.000Z,27-12-18,00:00.0,Causeway Bay,34.4,49,122.9,13.7,959.1,,
2018-12-27T02:00:00.000Z,27-12-18,00:00.0,New Territories,13.2,37.9,102.4,23.2,796.2,,
2018-12-27T05:00:00.000Z,27-12-18,00:00.0,Kowloon,21.9,38.7,54.4,69.8,787.7,,
2018-12-27T06:00:00.000Z,27-12-18,00:00.0,Central,24.4,33.5,97.7,20.8,981.8,,
2018-12-27T07:15:00.000Z,27-12-18,15:00.0,Delhi,100.86,299.01,24.59,35.63,320,,
2018-12-27T05:30:00.000Z,27-12-18,30:00.0,Mumbai,35,152.88,,,,,
2018-12-27T03:00:00.000Z,27-12-18,00:00.0,Cleveland-Elyria-Mentor,37.3,33,0.033,0.001,0.5,,
2018-12-27T05:00:00.000Z,27-12-18,00:00.0,Detroit-Warren-Livonia,12,11,0.012,0.008,0.4,,
2018-12-27T05:00:00.000Z,27-12-18,00:00.0,MONTEZUMA,,,,0.038,,,
2018-12-26T23:00:00.000Z,26-12-18,00:00.0,Minneapolis-St. Paul-Bloomington,15,13,0.005,0.019,0.24,,
2018-12-27T05:00:00.000Z,27-12-18,00:00.0,New York-Northern New Jersey-Long Island,16,23,0.017,0.002,0.4,,
2018-12-27T06:00:00.000Z,27-12-18,00:00.0,Plymouth,12,14,34,13,,,
2018-12-27T06:00:00.000Z,27-12-18,00:00.0,Swansea,14,18,35,,,,
2018-12-27T06:00:00.000Z,27-12-18,00:00.0,Glasgow,12,18,1,33,,,
2018-12-27T06:00:00.000Z,27-12-18,00:00.0,Edinburgh,9,15,4,44,,,
2018-12-27T06:00:00.000Z,27-12-18,00:00.0,Leeds,13,21,54,14,,,
2018-12-27T02:00:00.000Z,27-12-18,00:00.0,Manchester,19,24,31,3,,,
2018-12-27T06:00:00.000Z,27-12-18,00:00.0,Birmingham,14,,12,23,,,
2018-12-26T14:00:00.000Z,26-12-18,00:00.0,London,14,20,59,6,,,
2018-12-27T06:00:00.000Z,27-12-18,00:00.0,Causeway Bay,33.7,48.3,84.6,21.6,959.1,,
2018-12-27T02:00:00.000Z,27-12-18,00:00.0,New Territories,13.2,37.9,52.5,33.7,845.1,,
2018-12-27T05:00:00.000Z,27-12-18,00:00.0,Kowloon,22.1,28.2,50.5,45.9,751.4,,
2018-12-27T05:00:00.000Z,27-12-18,00:00.0,Central,22.6,33.7,80.9,17.7,960.5,,
2018-12-27T06:15:00.000Z,27-12-18,15:00.0,Delhi,161.3,303.32,20.91,37.59,2100,,
2018-12-27T05:30:00.000Z,27-12-18,30:00.0,Mumbai,73,152.88,,,,,
2018-12-27T03:00:00.000Z,27-12-18,00:00.0,Cleveland-Elyria-Mentor,36.1,30,0.007,0.001,0.5,,
2018-12-27T05:00:00.000Z,27-12-18,00:00.0,Detroit-Warren-Livonia,3.6,9,0.005,0.008,0.4,,
2018-12-27T04:00:00.000Z,27-12-18,00:00.0,MONTEZUMA,,,,0.037,,,
2018-12-26T23:00:00.000Z,26-12-18,00:00.0,Minneapolis-St. Paul-Bloomington,15,14,0.006,0.018,0.27,,
2018-12-27T04:00:00.000Z,27-12-18,00:00.0,New York-Northern New Jersey-Long Island,12.4,21,0.024,0.001,0.4,,
2018-12-27T05:00:00.000Z,27-12-18,00:00.0,Plymouth,12,15,34,19,,,
2018-12-27T05:00:00.000Z,27-12-18,00:00.0,Swansea,14,18,28,,,,
2018-12-27T04:00:00.000Z,27-12-18,00:00.0,Glasgow,11,18,2,33,,,
2018-12-27T05:00:00.000Z,27-12-18,00:00.0,Edinburgh,9,15,2,44,,,
2018-12-27T05:00:00.000Z,27-12-18,00:00.0,Leeds,13,21,45,22,,,
2018-12-27T02:00:00.000Z,27-12-18,00:00.0,Manchester,19,24,31,3,,,
2018-12-27T05:00:00.000Z,27-12-18,00:00.0,Birmingham,14,,13,22,,,
2018-12-26T14:00:00.000Z,26-12-18,00:00.0,London,14,20,59,14,,,
2018-12-27T05:00:00.000Z,27-12-18,00:00.0,Causeway Bay,32.7,46.8,104.4,9.9,941.3,,
2018-12-27T02:00:00.000Z,27-12-18,00:00.0,New Territories,24,37.1,46.5,16.3,880.6,,
2018-12-27T04:00:00.000Z,27-12-18,00:00.0,Kowloon,22.1,28.2,50.5,45.9,751.4,,
2018-12-27T05:00:00.000Z,27-12-18,00:00.0,Central,22.6,33.7,80.9,17.7,960.5,,
2018-12-27T05:30:00.000Z,27-12-18,30:00.0,Delhi,208.25,372.59,62.42,53.32,1980,,
2018-12-27T04:30:00.000Z,27-12-18,30:00.0,Mumbai,80,152.88,,,,,
2018-12-27T03:00:00.000Z,27-12-18,00:00.0,Cleveland-Elyria-Mentor,35.7,25,0.035,0.001,0.5,,
2018-12-27T03:00:00.000Z,27-12-18,00:00.0,Detroit-Warren-Livonia,6,16,0.014,0.004,0,,
2018-12-27T03:00:00.000Z,27-12-18,00:00.0,MONTEZUMA,,,,0.037,,,
2018-12-26T23:00:00.000Z,26-12-18,00:00.0,Minneapolis-St. Paul-Bloomington,13,11,0.005,0.02,0.23,,
2018-12-27T03:00:00.000Z,27-12-18,00:00.0,New York-Northern New Jersey-Long Island,15.9,20,0.027,0.002,0.43,,
2018-12-27T04:00:00.000Z,27-12-18,00:00.0,Plymouth,12,15,34,20,,,
2018-12-27T04:00:00.000Z,27-12-18,00:00.0,Swansea,14,17,28,,,,
2018-12-27T04:00:00.000Z,27-12-18,00:00.0,Glasgow,11,17,2,32,,,
2018-12-27T04:00:00.000Z,27-12-18,00:00.0,Edinburgh,9,15,2,43,,,
2018-12-27T04:00:00.000Z,27-12-18,00:00.0,Leeds,13,21,45,22,,,
2018-12-27T02:00:00.000Z,27-12-18,00:00.0,Manchester,18,23,41,3,,,
2018-12-27T04:00:00.000Z,27-12-18,00:00.0,Birmingham,14,,13,22,,,
2018-12-26T14:00:00.000Z,26-12-18,00:00.0,London,14,20,59,14,,,
2018-12-27T04:00:00.000Z,27-12-18,00:00.0,Causeway Bay,32.5,54.2,79.7,11.8,941.3,,
2018-12-27T02:00:00.000Z,27-12-18,00:00.0,New Territories,24,33.3,38.8,21.9,913.5,,
2018-12-27T04:00:00.000Z,27-12-18,00:00.0,Kowloon,18,41.9,58.7,29.3,860,,
2018-12-27T04:00:00.000Z,27-12-18,00:00.0,Central,29.3,44,84.2,10.7,960.5,,
2018-12-27T04:30:00.000Z,27-12-18,30:00.0,Delhi,471.84,420.91,19.07,16.56,1810,,
2018-12-27T03:30:00.000Z,27-12-18,30:00.0,Mumbai,114,152.88,,,,,
2018-12-27T03:00:00.000Z,27-12-18,00:00.0,Cleveland-Elyria-Mentor,28.9,33,0.035,0.001,0.91,,
2018-12-27T03:00:00.000Z,27-12-18,00:00.0,Detroit-Warren-Livonia,12.1,16,0.017,0.004,0,,
2018-12-27T02:00:00.000Z,27-12-18,00:00.0,MONTEZUMA,,,,0.037,,,
2018-12-26T23:00:00.000Z,26-12-18,00:00.0,Minneapolis-St. Paul-Bloomington,13,11,0.005,0.02,0.23,,
2018-12-27T02:00:00.000Z,27-12-18,00:00.0,New York-Northern New Jersey-Long Island,19.7,20,0.026,0.002,0.5,,
2018-12-27T03:00:00.000Z,27-12-18,00:00.0,Plymouth,13,14,23,25,,,
2018-12-27T03:00:00.000Z,27-12-18,00:00.0,Swansea,14,17,25,,,,
2018-12-27T02:00:00.000Z,27-12-18,00:00.0,Glasgow,11,17,1,32,,,
2018-12-27T03:00:00.000Z,27-12-18,00:00.0,Edinburgh,9,14,2,42,,,
2018-12-27T02:00:00.000Z,27-12-18,00:00.0,Leeds,14,21,40,24,,,
2018-12-27T02:00:00.000Z,27-12-18,00:00.0,Manchester,18,22,41,3,,,
2018-12-27T03:00:00.000Z,27-12-18,00:00.0,Birmingham,14,,16,22,,,
2018-12-26T14:00:00.000Z,26-12-18,00:00.0,London,14,20,59,14,,,
2018-12-27T03:00:00.000Z,27-12-18,00:00.0,Causeway Bay,30.5,52.7,62.9,5.8,905.4,,
2018-12-27T02:00:00.000Z,27-12-18,00:00.0,New Territories,24,19.8,42.4,29.6,809.4,,
2018-12-27T03:00:00.000Z,27-12-18,00:00.0,Kowloon,21,39.1,55.9,17.2,982.3,,
2018-12-27T03:00:00.000Z,27-12-18,00:00.0,Central,25.7,41.4,79.2,4.3,958.7,,
2018-12-27T03:30:00.000Z,27-12-18,30:00.0,Delhi,400.31,525.51,70.45,41.05,2610,,
2018-12-27T02:30:00.000Z,27-12-18,30:00.0,Mumbai,114,152.88,,,,,
2018-12-27T02:00:00.000Z,27-12-18,00:00.0,Cleveland-Elyria-Mentor,33.2,33,0.036,0.001,0.83,,
2018-12-27T02:00:00.000Z,27-12-18,00:00.0,Detroit-Warren-Livonia,10.1,15,0.018,0.006,0,,
2018-12-27T01:00:00.000Z,27-12-18,00:00.0,MONTEZUMA,,,,0.039,,,
2018-12-26T23:00:00.000Z,26-12-18,00:00.0,Minneapolis-St. Paul-Bloomington,10,16,0.008,0.018,0.34,,
2018-12-27T01:00:00.000Z,27-12-18,00:00.0,New York-Northern New Jersey-Long Island,12.1,24,0.028,0.005,0.5,,
2018-12-27T02:00:00.000Z,27-12-18,00:00.0,Plymouth,12,14,23,26,,,
2018-12-27T02:00:00.000Z,27-12-18,00:00.0,Swansea,14,17,31,,,,
2018-12-27T02:00:00.000Z,27-12-18,00:00.0,Glasgow,11,16,0,31,,,
2018-12-27T02:00:00.000Z,27-12-18,00:00.0,Edinburgh,9,14,4,40,,,
2018-12-27T02:00:00.000Z,27-12-18,00:00.0,Leeds,14,21,40,24,,,
2018-12-27T02:00:00.000Z,27-12-18,00:00.0,Manchester,18,22,34,4,,,
2018-12-27T02:00:00.000Z,27-12-18,00:00.0,Birmingham,14,,16,21,,,
2018-12-26T14:00:00.000Z,26-12-18,00:00.0,London,14,20,59,14,,,
2018-12-27T02:00:00.000Z,27-12-18,00:00.0,Causeway Bay,34.6,55.1,72.2,3.6,905.4,,
2018-12-27T02:00:00.000Z,27-12-18,00:00.0,New Territories,24,35.8,36.1,15.2,888.4,,
2018-12-27T01:00:00.000Z,27-12-18,00:00.0,Kowloon,25,36.6,63.9,3.7,917.5,,
2018-12-27T01:00:00.000Z,27-12-18,00:00.0,Central,31.7,44.7,75,4,903.8,,
2018-12-27T02:15:00.000Z,27-12-18,15:00.0,Delhi,493.39,1071.97,93.14,45.8,3590,,
2018-12-27T01:30:00.000Z,27-12-18,30:00.0,Mumbai,75,152.88,,,,,
2018-12-26T19:00:00.000Z,26-12-18,00:00.0,Cleveland-Elyria-Mentor,27.4,58,0.037,0.001,0.5,,
2018-12-27T01:00:00.000Z,27-12-18,00:00.0,Detroit-Warren-Livonia,6.8,17,0.017,0.006,0,,
2018-12-27T00:00:00.000Z,27-12-18,00:00.0,MONTEZUMA,,,,0.039,,,
2018-12-26T23:00:00.000Z,26-12-18,00:00.0,Minneapolis-St. Paul-Bloomington,13,10,0.004,0.021,0.23,,
2018-12-27T00:00:00.000Z,27-12-18,00:00.0,New York-Northern New Jersey-Long Island,12.9,25,0.031,0.003,0.6,,
2018-12-27T00:00:00.000Z,27-12-18,00:00.0,Plymouth,12,14,33,30,,,
2018-12-27T01:00:00.000Z,27-12-18,00:00.0,Swansea,14,17,36,,,,
2018-12-27T00:00:00.000Z,27-12-18,00:00.0,Glasgow,11,17,0,29,,,
2018-12-27T01:00:00.000Z,27-12-18,00:00.0,Edinburgh,9,14,20,37,,,
2018-12-27T00:00:00.000Z,27-12-18,00:00.0,Leeds,15,21,36,21,,,
2018-12-26T14:00:00.000Z,26-12-18,00:00.0,Manchester,17,21,46,4,,,
2018-12-27T00:00:00.000Z,27-12-18,00:00.0,Birmingham,13,,18,19,,,
2018-12-26T14:00:00.000Z,26-12-18,00:00.0,London,14,20,59,14,,,
2018-12-27T01:00:00.000Z,27-12-18,00:00.0,Causeway Bay,34.9,53.8,62.1,3.9,905.4,,
2018-12-27T00:00:00.000Z,27-12-18,00:00.0,New Territories,16.2,18.9,57.1,11.8,941.9,,
2018-12-27T00:00:00.000Z,27-12-18,00:00.0,Kowloon,25,36.6,63.9,3.7,917.5,,
2018-12-27T01:00:00.000Z,27-12-18,00:00.0,Central,31.7,44.7,75,4,903.8,,
2018-12-27T01:30:00.000Z,27-12-18,30:00.0,Delhi,549.24,1173.41,89.27,42.56,3770,,
2018-12-27T00:30:00.000Z,27-12-18,30:00.0,Mumbai,61,152.88,,,,,
2018-12-26T19:00:00.000Z,26-12-18,00:00.0,Cleveland-Elyria-Mentor,24.8,27,0.035,0.002,0.5,,
2018-12-26T20:00:00.000Z,26-12-18,00:00.0,Detroit-Warren-Livonia,5.2,19,0.02,0.006,0,,
2018-12-26T23:00:00.000Z,26-12-18,00:00.0,MONTEZUMA,,,,0.04,,,
2018-12-26T23:00:00.000Z,26-12-18,00:00.0,Minneapolis-St. Paul-Bloomington,13,10,0.004,0.021,0.23,,
2018-12-26T23:00:00.000Z,26-12-18,00:00.0,New York-Northern New Jersey-Long Island,8.1,20,0.034,0.001,0.6,,
2018-12-27T00:00:00.000Z,27-12-18,00:00.0,Plymouth,12,14,33,30,,,
2018-12-27T00:00:00.000Z,27-12-18,00:00.0,Swansea,14,17,37,,,,
2018-12-27T00:00:00.000Z,27-12-18,00:00.0,Glasgow,10,16,8,28,,,
2018-12-27T00:00:00.000Z,27-12-18,00:00.0,Edinburgh,9,14,13,38,,,
2018-12-26T23:00:00.000Z,26-12-18,00:00.0,Leeds,15,21,36,21,,,
2018-12-26T14:00:00.000Z,26-12-18,00:00.0,Manchester,17,21,46,4,,,
2018-12-27T00:00:00.000Z,27-12-18,00:00.0,Birmingham,13,,18,19,,,
2018-12-26T14:00:00.000Z,26-12-18,00:00.0,London,14,20,43,17,,,
2018-12-27T00:00:00.000Z,27-12-18,00:00.0,Causeway Bay,37.4,52.5,55.7,4.3,905.4,,
2018-12-27T00:00:00.000Z,27-12-18,00:00.0,New Territories,16.2,23.2,47.9,11.1,883,,
2018-12-27T00:00:00.000Z,27-12-18,00:00.0,Kowloon,24.1,30.1,47,12.2,855.4,,
2018-12-27T00:00:00.000Z,27-12-18,00:00.0,Central,33.8,47.5,62.3,4.2,894.8,,
2018-12-27T00:00:00.000Z,27-12-18,00:00.0,Delhi,222.13,460,19.82,5.05,5720,,
2018-12-26T21:30:00.000Z,26-12-18,30:00.0,Mumbai,70,152.88,,,,,
2018-12-26T19:00:00.000Z,26-12-18,00:00.0,Cleveland-Elyria-Mentor,29.8,29,0.037,0.001,0.3,,
2018-12-26T20:00:00.000Z,26-12-18,00:00.0,Detroit-Warren-Livonia,13,27,0.025,0.005,0,,
2018-12-26T22:00:00.000Z,26-12-18,00:00.0,MONTEZUMA,,,,0.039,,,
2018-12-26T23:00:00.000Z,26-12-18,00:00.0,Minneapolis-St. Paul-Bloomington,13,15,0.006,0.018,0.24,,
2018-12-26T22:00:00.000Z,26-12-18,00:00.0,New York-Northern New Jersey-Long Island,8,14,0.025,0.002,0.4,,
2018-12-26T23:00:00.000Z,26-12-18,00:00.0,Plymouth,12,14,20,33,,,
2018-12-26T23:00:00.000Z,26-12-18,00:00.0,Swansea,14,16,43,,,,
2018-12-26T21:00:00.000Z,26-12-18,00:00.0,Glasgow,10,15,21,29,,,
2018-12-26T23:00:00.000Z,26-12-18,00:00.0,Edinburgh,9,13,5,39,,,
2018-12-26T23:00:00.000Z,26-12-18,00:00.0,Leeds,15,21,21,18,,,
2018-12-26T14:00:00.000Z,26-12-18,00:00.0,Manchester,16,20,53,5,,,
2018-12-26T23:00:00.000Z,26-12-18,00:00.0,Birmingham,13,,28,19,,,
2018-12-26T14:00:00.000Z,26-12-18,00:00.0,London,14,20,43,30,,,
2018-12-26T23:00:00.000Z,26-12-18,00:00.0,Causeway Bay,32.6,46.1,45.6,8.2,905.4,,
2018-12-26T22:00:00.000Z,26-12-18,00:00.0,New Territories,33.7,19.1,24.4,22.5,841.6,,
2018-12-26T23:00:00.000Z,26-12-18,00:00.0,Kowloon,27,34.1,31.9,18.4,780.3,,
2018-12-26T23:00:00.000Z,26-12-18,00:00.0,Central,35.9,48.2,47.1,8,821.6,,
2018-12-26T23:00:00.000Z,26-12-18,00:00.0,Delhi,268.89,431,23.38,4.26,1550,,
2018-12-26T21:30:00.000Z,26-12-18,30:00.0,Mumbai,86,152.88,,,,,
2018-12-26T19:00:00.000Z,26-12-18,00:00.0,Cleveland-Elyria-Mentor,21,29,0.031,0.004,0.2,,
2018-12-26T20:00:00.000Z,26-12-18,00:00.0,Detroit-Warren-Livonia,19.7,30,0.026,0.011,0,,
2018-12-26T21:00:00.000Z,26-12-18,00:00.0,MONTEZUMA,,,,0.04,,,
2018-12-26T15:00:00.000Z,26-12-18,00:00.0,Minneapolis-St. Paul-Bloomington,10,14,0.016,0.018,0.44,,
2018-12-26T20:00:00.000Z,26-12-18,00:00.0,New York-Northern New Jersey-Long Island,8.9,15,0.022,0.014,0.4,,
2018-12-26T22:00:00.000Z,26-12-18,00:00.0,Plymouth,12,15,20,34,,,
2018-12-26T22:00:00.000Z,26-12-18,00:00.0,Swansea,15,16,34,,,,
2018-12-26T21:00:00.000Z,26-12-18,00:00.0,Glasgow,10,15,22,30,,,
2018-12-26T22:00:00.000Z,26-12-18,00:00.0,Edinburgh,9,13,7,37,,,
2018-12-26T22:00:00.000Z,26-12-18,00:00.0,Leeds,16,21,21,18,,,
2018-12-26T14:00:00.000Z,26-12-18,00:00.0,Manchester,16,19,53,6,,,
2018-12-26T22:00:00.000Z,26-12-18,00:00.0,Birmingham,13,,28,21,,,
2018-12-26T14:00:00.000Z,26-12-18,00:00.0,London,14,20,43,30,,,
2018-12-26T22:00:00.000Z,26-12-18,00:00.0,Causeway Bay,30.2,39.6,39.8,20,808.5,,
2018-12-26T22:00:00.000Z,26-12-18,00:00.0,New Territories,21.8,35.9,26.9,24.8,828.2,,
2018-12-26T22:00:00.000Z,26-12-18,00:00.0,Kowloon,26,37,32.6,19.1,763.7,,
2018-12-26T22:00:00.000Z,26-12-18,00:00.0,Central,37.6,49.2,45.1,27.3,779.9,,
2018-12-26T22:00:00.000Z,26-12-18,00:00.0,Delhi,834,1000,37.7,146.6,2000,,
2018-12-26T21:30:00.000Z,26-12-18,30:00.0,Mumbai,86,152.88,,,,,
2018-12-26T19:00:00.000Z,26-12-18,00:00.0,Cleveland-Elyria-Mentor,15.3,29,0.024,0.011,0.2,,
2018-12-26T20:00:00.000Z,26-12-18,00:00.0,Detroit-Warren-Livonia,20.7,48,0.014,0.019,0,,
2018-12-26T20:00:00.000Z,26-12-18,00:00.0,MONTEZUMA,,,,0,,,
2018-12-26T15:00:00.000Z,26-12-18,00:00.0,Minneapolis-St. Paul-Bloomington,9,15,0.004,0.021,0.22,,
2018-12-26T20:00:00.000Z,26-12-18,00:00.0,New York-Northern New Jersey-Long Island,8,13,0.014,0.024,0.3,,
2018-12-26T21:00:00.000Z,26-12-18,00:00.0,Plymouth,13,15,24,35,,,
2018-12-26T21:00:00.000Z,26-12-18,00:00.0,Swansea,15,17,37,,,,
2018-12-26T21:00:00.000Z,26-12-18,00:00.0,Glasgow,10,15,9,30,,,
2018-12-26T21:00:00.000Z,26-12-18,00:00.0,Edinburgh,9,13,7,35,,,
2018-12-26T20:00:00.000Z,26-12-18,00:00.0,Leeds,16,22,36,14,,,
2018-12-26T14:00:00.000Z,26-12-18,00:00.0,Manchester,15,19,58,7,,,
2018-12-26T21:00:00.000Z,26-12-18,00:00.0,Birmingham,13,,28,23,,,
2018-12-26T14:00:00.000Z,26-12-18,00:00.0,London,14,20,43,30,,,
2018-12-26T21:00:00.000Z,26-12-18,00:00.0,Causeway Bay,28.7,37.1,44,20,863.8,,
2018-12-26T21:00:00.000Z,26-12-18,00:00.0,New Territories,17,22.4,39.6,21.6,791.3,,
2018-12-26T21:00:00.000Z,26-12-18,00:00.0,Kowloon,26.1,35.2,52.2,16.1,855.4,,
2018-12-26T21:00:00.000Z,26-12-18,00:00.0,Central,57,80.6,73.4,16.3,931.2,,
2018-12-26T21:00:00.000Z,26-12-18,00:00.0,Delhi,653,887,40.6,162.7,13810,,
2018-12-26T15:30:00.000Z,26-12-18,30:00.0,Mumbai,70,152.88,,,,,
2018-12-26T19:00:00.000Z,26-12-18,00:00.0,Cleveland-Elyria-Mentor,19.2,24,0.014,0.019,0.2,,
2018-12-26T20:00:00.000Z,26-12-18,00:00.0,Detroit-Warren-Livonia,19.1,13,0.014,0.026,0,,
2018-12-26T20:00:00.000Z,26-12-18,00:00.0,MONTEZUMA,,,,0,,,
2018-12-26T15:00:00.000Z,26-12-18,00:00.0,Minneapolis-St. Paul-Bloomington,9,14,0.004,0.022,0.22,,
2018-12-26T18:00:00.000Z,26-12-18,00:00.0,New York-Northern New Jersey-Long Island,-0.6,12,0.012,0.026,0.2,,
2018-12-26T20:00:00.000Z,26-12-18,00:00.0,Plymouth,13,15,24,37,,,
2018-12-26T20:00:00.000Z,26-12-18,00:00.0,Swansea,15,16,41,,,,
2018-12-26T18:00:00.000Z,26-12-18,00:00.0,Glasgow,10,14,10,30,,,
2018-12-26T20:00:00.000Z,26-12-18,00:00.0,Edinburgh,9,13,11,33,,,
2018-12-26T20:00:00.000Z,26-12-18,00:00.0,Leeds,16,22,41,14,,,
2018-12-26T14:00:00.000Z,26-12-18,00:00.0,Manchester,14,18,55,8,,,
2018-12-26T20:00:00.000Z,26-12-18,00:00.0,Birmingham,13,,31,25,,,
2018-12-26T14:00:00.000Z,26-12-18,00:00.0,London,14,20,43,30,,,
2018-12-26T20:00:00.000Z,26-12-18,00:00.0,Causeway Bay,33.1,43.4,73.6,5.3,976.6,,
2018-12-26T19:00:00.000Z,26-12-18,00:00.0,New Territories,29.3,40.4,70.8,5.5,863.1,,
2018-12-26T19:00:00.000Z,26-12-18,00:00.0,Kowloon,33.9,44,37.6,34.3,992.5,,
2018-12-26T20:00:00.000Z,26-12-18,00:00.0,Central,56,69.5,104.5,0.3,991.3,,
2018-12-26T20:30:00.000Z,26-12-18,30:00.0,Delhi,431.47,476.88,38.7,34.68,4210,,
2018-12-26T15:30:00.000Z,26-12-18,30:00.0,Mumbai,70,152.88,,,,,
2018-12-26T19:00:00.000Z,26-12-18,00:00.0,Cleveland-Elyria-Mentor,18.6,29,0.012,0.022,0.2,,
2018-12-26T17:00:00.000Z,26-12-18,00:00.0,Detroit-Warren-Livonia,16.9,16,0.014,0.027,0,,
2018-12-26T19:00:00.000Z,26-12-18,00:00.0,MONTEZUMA,,,,0,,,
2018-12-26T15:00:00.000Z,26-12-18,00:00.0,Minneapolis-St. Paul-Bloomington,11,15,0.005,0.02,0.24,,
2018-12-26T18:00:00.000Z,26-12-18,00:00.0,New York-Northern New Jersey-Long Island,14.8,13,0.01,0.027,0.3,,
2018-12-26T19:00:00.000Z,26-12-18,00:00.0,Plymouth,13,16,24,38,,,
2018-12-26T19:00:00.000Z,26-12-18,00:00.0,Swansea,16,16,50,,,,
2018-12-26T18:00:00.000Z,26-12-18,00:00.0,Glasgow,10,14,13,29,,,
2018-12-26T19:00:00.000Z,26-12-18,00:00.0,Edinburgh,8,12,16,31,,,
2018-12-26T17:00:00.000Z,26-12-18,00:00.0,Leeds,16,22,36,14,,,
2018-12-26T14:00:00.000Z,26-12-18,00:00.0,Manchester,14,18,55,8,,,
2018-12-26T19:00:00.000Z,26-12-18,00:00.0,Birmingham,13,,37,26,,,
2018-12-26T14:00:00.000Z,26-12-18,00:00.0,London,14,20,43,30,,,
2018-12-26T19:00:00.000Z,26-12-18,00:00.0,Causeway Bay,41.9,55,89.5,1.7,976.6,,
2018-12-26T19:00:00.000Z,26-12-18,00:00.0,New Territories,29.3,40.4,72.5,5.4,855.6,,
2018-12-26T19:00:00.000Z,26-12-18,00:00.0,Kowloon,29.1,44,54,25.9,987.8,,
2018-12-26T19:00:00.000Z,26-12-18,00:00.0,Central,53.3,68.5,100.8,1.2,991.3,,
2018-12-26T19:30:00.000Z,26-12-18,30:00.0,Delhi,448.23,225.16,78.09,23.52,1730,,
2018-12-26T15:30:00.000Z,26-12-18,30:00.0,Mumbai,68,152.88,,,,,
2018-12-26T17:00:00.000Z,26-12-18,00:00.0,Cleveland-Elyria-Mentor,19.9,23,0.009,0.022,0.23,,
2018-12-26T17:00:00.000Z,26-12-18,00:00.0,Detroit-Warren-Livonia,19.2,19,0.019,0.024,0.6,,
2018-12-26T18:00:00.000Z,26-12-18,00:00.0,MONTEZUMA,,,,0,,,
2018-12-26T15:00:00.000Z,26-12-18,00:00.0,Minneapolis-St. Paul-Bloomington,11,22,0.004,0.02,0.23,,
2018-12-26T17:00:00.000Z,26-12-18,00:00.0,New York-Northern New Jersey-Long Island,15.9,15,0.011,0.026,0.3,,
2018-12-26T18:00:00.000Z,26-12-18,00:00.0,Plymouth,14,16,23,38,,,
2018-12-26T18:00:00.000Z,26-12-18,00:00.0,Swansea,16,16,57,,,,
2018-12-26T18:00:00.000Z,26-12-18,00:00.0,Glasgow,11,15,12,30,,,
2018-12-26T18:00:00.000Z,26-12-18,00:00.0,Edinburgh,8,12,24,30,,,
2018-12-26T17:00:00.000Z,26-12-18,00:00.0,Leeds,17,22,47,13,,,
2018-12-26T14:00:00.000Z,26-12-18,00:00.0,Manchester,14,17,47,9,,,
2018-12-26T18:00:00.000Z,26-12-18,00:00.0,Birmingham,13,,36,27,,,
2018-12-26T14:00:00.000Z,26-12-18,00:00.0,London,14,20,43,30,,,
2018-12-26T18:00:00.000Z,26-12-18,00:00.0,Causeway Bay,54.9,72.8,110.9,1.6,976.6,,
2018-12-26T18:00:00.000Z,26-12-18,00:00.0,New Territories,28.4,38.2,87.9,3,855.6,,
2018-12-26T18:00:00.000Z,26-12-18,00:00.0,Kowloon,57.4,71,101.4,18.2,987.8,,
2018-12-26T18:00:00.000Z,26-12-18,00:00.0,Central,65.7,92.2,100.2,1.4,991.3,,
2018-12-26T18:30:00.000Z,26-12-18,30:00.0,Delhi,284.86,568.22,149.44,13.72,2970,,
2018-12-26T15:30:00.000Z,26-12-18,30:00.0,Mumbai,62,152.88,,,,,
2018-12-26T17:00:00.000Z,26-12-18,00:00.0,Cleveland-Elyria-Mentor,20.4,28,0.011,0.023,0.4,,
2018-12-26T17:00:00.000Z,26-12-18,00:00.0,Detroit-Warren-Livonia,15.9,23,0.016,0.017,0,,
2018-12-26T17:00:00.000Z,26-12-18,00:00.0,MONTEZUMA,,,,0,,,
2018-12-26T15:00:00.000Z,26-12-18,00:00.0,Minneapolis-St. Paul-Bloomington,9,12,0.004,0.017,0.26,,
2018-12-26T16:00:00.000Z,26-12-18,00:00.0,New York-Northern New Jersey-Long Island,12.1,15,0.011,0.017,0.3,,
2018-12-26T17:00:00.000Z,26-12-18,00:00.0,Plymouth,14,17,31,37,,,
2018-12-26T17:00:00.000Z,26-12-18,00:00.0,Swansea,16,16,45,,,,
2018-12-26T16:00:00.000Z,26-12-18,00:00.0,Glasgow,11,15,11,31,,,
2018-12-26T17:00:00.000Z,26-12-18,00:00.0,Edinburgh,8,12,10,29,,,
2018-12-26T17:00:00.000Z,26-12-18,00:00.0,Leeds,17,21,45,14,,,
2018-12-26T14:00:00.000Z,26-12-18,00:00.0,Manchester,14,17,32,9,,,
2018-12-26T17:00:00.000Z,26-12-18,00:00.0,Birmingham,13,,27,29,,,
2018-12-26T14:00:00.000Z,26-12-18,00:00.0,London,14,20,43,30,,,
2018-12-26T16:00:00.000Z,26-12-18,00:00.0,Causeway Bay,66.9,88.2,142.4,1,976.6,,
2018-12-26T16:00:00.000Z,26-12-18,00:00.0,New Territories,31,47.2,105.1,2.4,855.6,,
2018-12-26T16:00:00.000Z,26-12-18,00:00.0,Kowloon,34.1,47.1,116,0.7,987.8,,
2018-12-26T16:00:00.000Z,26-12-18,00:00.0,Central,67.5,89.6,131.8,2,991.3,,
2018-12-26T17:15:00.000Z,26-12-18,15:00.0,Delhi,426.51,419.25,142.74,43.76,1180,,
2018-12-26T15:30:00.000Z,26-12-18,30:00.0,Mumbai,49,152.88,,,,,
2018-12-26T16:00:00.000Z,26-12-18,00:00.0,Cleveland-Elyria-Mentor,14.8,19,0.015,0.019,0.4,,
2018-12-26T15:00:00.000Z,26-12-18,00:00.0,Detroit-Warren-Livonia,14.5,22,0.028,0.009,0,,
2018-12-26T15:00:00.000Z,26-12-18,00:00.0,MONTEZUMA,,,,0.019,,,
2018-12-26T15:00:00.000Z,26-12-18,00:00.0,Minneapolis-St. Paul-Bloomington,7,9,0.017,0.003,0.56,,
2018-12-26T14:00:00.000Z,26-12-18,00:00.0,New York-Northern New Jersey-Long Island,11.9,13,0.022,0.006,0.4,,
2018-12-26T15:00:00.000Z,26-12-18,00:00.0,Plymouth,14,17,21,33,,,
2018-12-26T15:00:00.000Z,26-12-18,00:00.0,Swansea,16,16,39,,,,
2018-12-26T16:00:00.000Z,26-12-18,00:00.0,Glasgow,11,15,6,31,,,
2018-12-26T16:00:00.000Z,26-12-18,00:00.0,Edinburgh,8,12,12,29,,,
2018-12-26T16:00:00.000Z,26-12-18,00:00.0,Leeds,17,21,37,14,,,
2018-12-26T14:00:00.000Z,26-12-18,00:00.0,Manchester,14,17,33,8,,,
2018-12-26T16:00:00.000Z,26-12-18,00:00.0,Birmingham,13,,22,30,,,
2018-12-26T14:00:00.000Z,26-12-18,00:00.0,London,14,20,43,26,,,
2018-12-26T16:00:00.000Z,26-12-18,00:00.0,Causeway Bay,66.9,88.2,142.4,1,976.6,,
2018-12-26T16:00:00.000Z,26-12-18,00:00.0,New Territories,31,47.2,105.1,2.4,855.6,,
2018-12-26T15:00:00.000Z,26-12-18,00:00.0,Kowloon,34.1,47.1,116,0.7,987.8,,
2018-12-26T16:00:00.000Z,26-12-18,00:00.0,Central,67.5,89.6,131.8,2,991.3,,
2018-12-26T16:30:00.000Z,26-12-18,30:00.0,Delhi,235.58,451.86,90.84,30.4,380,,
2018-12-26T15:30:00.000Z,26-12-18,30:00.0,Mumbai,49,152.88,,,,,
2018-12-26T14:00:00.000Z,26-12-18,00:00.0,Cleveland-Elyria-Mentor,14.8,19,0.015,0.019,0.4,,
2018-12-26T15:00:00.000Z,26-12-18,00:00.0,Detroit-Warren-Livonia,14.5,22,0.028,0.009,0,,
2018-12-26T15:00:00.000Z,26-12-18,00:00.0,MONTEZUMA,,,,0.019,,,
2018-12-26T15:00:00.000Z,26-12-18,00:00.0,Minneapolis-St. Paul-Bloomington,7,9,0.017,0.003,0.56,,
2018-12-26T14:00:00.000Z,26-12-18,00:00.0,New York-Northern New Jersey-Long Island,11.9,13,0.022,0.006,0.4,,
2018-12-26T15:00:00.000Z,26-12-18,00:00.0,Plymouth,14,17,21,33,,,
2018-12-26T15:00:00.000Z,26-12-18,00:00.0,Swansea,16,16,39,,,,
2018-12-26T14:00:00.000Z,26-12-18,00:00.0,Glasgow,12,16,8,31,,,
2018-12-26T15:00:00.000Z,26-12-18,00:00.0,Edinburgh,8,12,23,28,,,
2018-12-26T14:00:00.000Z,26-12-18,00:00.0,Leeds,17,21,38,14,,,
2018-12-26T14:00:00.000Z,26-12-18,00:00.0,Manchester,14,17,37,7,,,
2018-12-26T15:00:00.000Z,26-12-18,00:00.0,Birmingham,13,,16,30,,,
2018-12-26T14:00:00.000Z,26-12-18,00:00.0,London,14,20,43,26,,,
2018-12-26T15:00:00.000Z,26-12-18,00:00.0,Causeway Bay,72.2,92.7,160.3,2.2,976.6,,
2018-12-26T13:00:00.000Z,26-12-18,00:00.0,New Territories,35.8,42.2,89.3,14.3,855.6,,
2018-12-26T15:00:00.000Z,26-12-18,00:00.0,Kowloon,38.9,51,111.8,3,987.8,,
2018-12-26T15:00:00.000Z,26-12-18,00:00.0,Central,66.5,92.7,152.2,1.1,991.3,,
2018-12-26T15:30:00.000Z,26-12-18,30:00.0,Delhi,148.1,655.58,54.16,37.27,270,,
2018-12-26T14:30:00.000Z,26-12-18,30:00.0,Mumbai,36,152.88,,,,,
2018-12-26T14:00:00.000Z,26-12-18,00:00.0,Cleveland-Elyria-Mentor,17.6,18,0.018,0.016,0.4,,
2018-12-26T14:00:00.000Z,26-12-18,00:00.0,Detroit-Warren-Livonia,14.7,21,0.027,0.006,0.8,,
2018-12-26T14:00:00.000Z,26-12-18,00:00.0,MONTEZUMA,,,,0.024,,,
2018-12-26T14:00:00.000Z,26-12-18,00:00.0,Minneapolis-St. Paul-Bloomington,7,8,0.01,0.007,0.27,,
2018-12-26T13:00:00.000Z,26-12-18,00:00.0,New York-Northern New Jersey-Long Island,10.9,12,0.028,0.002,0.5,,
2018-12-26T14:00:00.000Z,26-12-18,00:00.0,Plymouth,14,17,24,31,,,
2018-12-26T14:00:00.000Z,26-12-18,00:00.0,Swansea,15,16,40,,,,
2018-12-26T14:00:00.000Z,26-12-18,00:00.0,Glasgow,13,17,19,32,,,
2018-12-26T14:00:00.000Z,26-12-18,00:00.0,Edinburgh,9,12,27,29,,,
2018-12-26T14:00:00.000Z,26-12-18,00:00.0,Leeds,17,21,33,15,,,
2018-12-26T14:00:00.000Z,26-12-18,00:00.0,Manchester,14,17,37,7,,,
2018-12-26T14:00:00.000Z,26-12-18,00:00.0,Birmingham,13,,12,29,,,
2018-12-26T14:00:00.000Z,26-12-18,00:00.0,London,12,15,45,23,,,
2018-12-26T13:00:00.000Z,26-12-18,00:00.0,Causeway Bay,72.5,97,147.5,2.1,976.6,,
2018-12-26T13:00:00.000Z,26-12-18,00:00.0,New Territories,34.1,46.5,134.7,2.3,855.6,,
2018-12-26T13:00:00.000Z,26-12-18,00:00.0,Kowloon,31.9,39.2,147.6,2.8,987.8,,
2018-12-26T13:00:00.000Z,26-12-18,00:00.0,Central,62.8,90.1,154.1,1.7,991.3,,
2018-12-26T12:30:00.000Z,26-12-18,30:00.0,Mumbai,46,152.88,,,,,
2018-12-26T12:00:00.000Z,26-12-18,00:00.0,Cleveland-Elyria-Mentor,16.9,13,0.022,0.011,0.4,,
2018-12-26T12:00:00.000Z,26-12-18,00:00.0,Detroit-Warren-Livonia,14.8,24,0.027,0.003,0,,
2018-12-26T12:00:00.000Z,26-12-18,00:00.0,MONTEZUMA,,,,0.036,,,
2018-12-26T12:00:00.000Z,26-12-18,00:00.0,Minneapolis-St. Paul-Bloomington,11,11,0.016,0.001,0.36,,
2018-12-26T12:00:00.000Z,26-12-18,00:00.0,New York-Northern New Jersey-Long Island,10.8,10,0.034,0.002,0.8,,
2018-12-26T12:00:00.000Z,26-12-18,00:00.0,Plymouth,14,17,19,29,,,
2018-12-26T12:00:00.000Z,26-12-18,00:00.0,Swansea,15,15,33,,,,
2018-12-26T12:00:00.000Z,26-12-18,00:00.0,Glasgow,14,18,12,35,,,
2018-12-26T12:00:00.000Z,26-12-18,00:00.0,Edinburgh,10,13,26,34,,,
2018-12-26T12:00:00.000Z,26-12-18,00:00.0,Leeds,18,22,25,16,,,
2018-12-26T12:00:00.000Z,26-12-18,00:00.0,Manchester,14,17,32,9,,,
2018-12-26T12:00:00.000Z,26-12-18,00:00.0,Birmingham,13,,14,27,,,
2018-12-26T13:00:00.000Z,26-12-18,00:00.0,London,14,20,38,20,,,
